Time	Creep Compliance
0.2009	2.61e-05
0.301	3.17e-05
0.4009	3.63e-05
0.5019	4.07e-05
0.602	4.47e-05
0.7029	4.85e-05
0.803	5.21e-05
0.904	5.55e-05
1.005	5.9e-05
1.106	6.21e-05
1.207	6.54e-05
1.308	6.84e-05
1.41	7.15e-05
1.511	7.43e-05
1.613	7.73e-05
1.714	8e-05
1.816	8.28e-05
1.918	8.56e-05
2.02	8.83e-05
2.122	9.1e-05
2.224	9.36e-05
2.326	9.62e-05
2.428	9.88e-05
2.531	0.0001014529308
2.633	0.0001040215511
2.736	0.0001066569026
2.839	0.0001091670339
2.942	0.0001116846021
3.045	0.0001140865261
3.148	0.0001165738004
3.251	0.0001189661325
3.354	0.0001213391396
3.458	0.0001237133349
3.561	0.0001260107626
3.665	0.000128419491
3.768	0.0001306817222
3.872	0.0001330663517
3.976	0.0001352401827
4.08	0.000137607807
4.184	0.00013974641
4.288	0.0001421542452
4.393	0.000144323404
4.497	0.0001467371648
4.601	0.0001489072026
4.706	0.0001512832397
4.811	0.0001535237512
4.916	0.0001558498777
5.021	0.0001582911049
5.126	0.0001605441009
5.231	0.0001629030322
5.336	0.0001650327538
5.441	0.0001674678051
5.547	0.0001696248386
5.652	0.0001719691843
5.758	0.0001741987892
5.864	0.000176443937
5.97	0.0001787871277
6.076	0.0001809351687
6.182	0.0001833253403
6.288	0.0001854327958
6.394	0.0001878126491
6.501	0.000190041577
6.607	0.0001921821685
6.714	0.0001945590798
6.821	0.0001966183386
6.928	0.0001989285614
7.035	0.0002011332163
7.142	0.0002032684901
7.249	0.0002056181986
7.356	0.0002077351572
7.464	0.0002101346627
7.571	0.000212317067
7.679	0.0002145440785
7.786	0.0002168681688
7.894	0.0002190015958
8.002	0.0002212364828
8.11	0.0002234910748
8.218	0.000225552922
8.327	0.0002279019306
8.435	0.0002300412772
8.543	0.0002322018047
8.652	0.0002345156478
8.761	0.0002366455952
8.87	0.000238764262
8.979	0.0002410987806
9.088	0.000243054164
9.197	0.0002452143534
9.306	0.0002474514279
9.415	0.0002493625021
9.525	0.0002515350733
9.634	0.0002537171951
9.744	0.0002557054143
9.854	0.0002578652886
9.964	0.0002600911728
10.07	0.0002620476919
10.18	0.000264281216
10.29	0.0002665997245
10.4	0.0002686232979
10.51	0.000270852679
10.63	0.0002732022532
10.74	0.0002753157286
10.85	0.0002774967094
10.96	0.0002799468994
11.07	0.0002821753339
11.18	0.0002843499806
11.29	0.000286730573
11.4	0.0002891397878
11.51	0.000291296001
11.63	0.0002935378024
11.74	0.0002959525006
11.85	0.0002981297785
11.96	0.0003002145604
12.07	0.0003025356725
12.19	0.0003047767728
12.3	0.0003068051599
12.41	0.0003089254222
12.52	0.000311193893
12.64	0.0003134124211
12.75	0.0003154410808
12.86	0.0003175606272
12.97	0.0003198597909
13.09	0.0003220166477
13.2	0.0003240344135
13.31	0.0003262090573
13.43	0.0003284810637
13.54	0.0003306020427
13.65	0.0003325824226
13.77	0.0003346946259
13.88	0.0003369213067
13.99	0.0003390880293
14.11	0.0003411484232
14.22	0.0003432015117
14.34	0.0003453772353
14.45	0.000347650913
14.57	0.0003498017537
14.68	0.0003519106371
14.8	0.000354060419
14.91	0.000356310079
15.03	0.0003586088151
15.14	0.0003607640331
15.26	0.000362869149
15.37	0.000365017719
15.49	0.0003672538004
15.6	0.0003695249546
15.72	0.0003717710858
15.83	0.0003738809654
15.95	0.0003760362804
16.07	0.0003782742727
16.18	0.0003805656878
16.3	0.0003827210434
16.41	0.0003848342572
16.53	0.0003868915498
16.65	0.0003890038902
16.76	0.0003912040808
16.88	0.0003934144728
17.0	0.0003956480919
17.12	0.0003977821957
17.23	0.0003998908525
17.35	0.0004019764497
17.47	0.0004040744564
17.59	0.000406241982
17.7	0.0004084178141
17.82	0.0004106285273
17.94	0.000412806547
18.06	0.0004148057825
18.17	0.0004168363556
18.29	0.0004188989469
18.41	0.0004209814678
18.53	0.0004230749583
18.65	0.0004252295572
18.77	0.0004273397518
18.89	0.0004294956015
19.0	0.0004315779183
19.12	0.0004336674425
19.24	0.000435726433
19.36	0.0004377428885
19.48	0.0004398576581
19.6	0.0004420227755
19.72	0.0004441905429
19.84	0.0004463223069
19.96	0.0004484380557
20.08	0.0004505373636
20.2	0.0004527349988
20.32	0.0004549272026
20.44	0.0004570733168
20.56	0.0004591872628
20.68	0.0004612660362
20.8	0.0004634210122
20.93	0.0004655827654
21.05	0.0004677063276
21.17	0.0004698359887
21.29	0.0004719374455
21.41	0.0004740753693
21.53	0.0004761858324
21.65	0.0004782509287
21.77	0.0004802744264
21.9	0.0004823424448
22.02	0.0004843638759
22.14	0.000486413506
22.26	0.0004884434821
22.39	0.0004905112838
22.51	0.000492576467
22.63	0.0004946296348
22.75	0.0004967206251
22.88	0.0004987706557
23.0	0.0005008431542
23.12	0.0005029336148
23.24	0.0005050209367
23.37	0.0005070909232
23.49	0.0005091895178
23.62	0.0005113805937
23.74	0.0005135405239
23.86	0.0005156514793
23.99	0.0005178043852
24.11	0.0005199391359
24.24	0.0005220246771
24.36	0.0005241742883
24.48	0.0005262268219
24.61	0.0005283085472
24.73	0.0005303749525
24.86	0.0005324487887
24.98	0.0005345520772
25.11	0.0005366120029
25.23	0.0005387452124
25.36	0.000540841737
25.48	0.0005428949416
25.61	0.0005450865937
25.74	0.0005472516965
25.86	0.000549464876
25.99	0.000551670934
26.11	0.0005538890346
26.24	0.0005561703624
26.37	0.0005583638821
26.49	0.0005606144288
26.62	0.0005627987645
26.75	0.0005650003462
26.87	0.0005671829736
27.0	0.0005693927236
27.13	0.0005716217523
27.25	0.0005738830072
27.38	0.0005762412811
27.51	0.0005785320803
27.64	0.0005808709265
27.77	0.0005831326886
27.89	0.0005853577865
28.02	0.0005875257422
28.15	0.0005896985631
28.28	0.0005919293614
28.41	0.000594207302
28.53	0.0005965183636
28.66	0.0005988566249
28.79	0.0006012026566
28.92	0.0006034851018
29.05	0.0006056753835
29.18	0.0006078963763
29.31	0.0006101622855
29.44	0.0006125012406
29.57	0.0006148016512
29.7	0.000617093288
29.96	0.0006215724722
30.09	0.0006237937436
30.22	0.0006260868721
30.35	0.0006284694312
30.48	0.0006308412851
30.61	0.0006331124704
30.74	0.0006353393461
30.87	0.0006375607535
31.0	0.0006398365148
31.13	0.0006421679058
31.26	0.0006444494822
31.4	0.0006466669702
31.53	0.0006489141079
31.66	0.0006512167931
31.79	0.0006535604539
31.92	0.0006558773656
32.05	0.0006581146141
32.19	0.0006603467101
32.32	0.0006626454594
32.45	0.0006650089638
32.59	0.0006672705249
32.72	0.0006694838339
32.85	0.0006717387023
32.98	0.0006741744894
33.12	0.0006764966195
33.25	0.0006787525666
33.38	0.000681078663
33.52	0.0006835185942
33.65	0.0006859379298
33.78	0.0006881788387
33.92	0.0006905187432
34.05	0.0006930276253
34.19	0.0006954145616
34.32	0.0006976631921
34.46	0.0007000703607
34.59	0.0007025660812
34.72	0.0007048750885
34.86	0.0007071118018
34.99	0.000709557396
35.13	0.000711953509
35.27	0.0007142596185
35.4	0.00071660855
35.54	0.0007189549787
35.67	0.0007210943253
35.81	0.0007232367702
35.94	0.0007255147151
36.08	0.0007276788964
36.22	0.0007299060612
36.35	0.0007323367872
36.49	0.0007347035473
36.63	0.0007369801586
36.76	0.0007394644602
36.9	0.0007418850031
37.04	0.0007441470863
37.18	0.0007466414837
37.31	0.0007489845241
37.45	0.0007511797148
37.59	0.0007535871446
37.72	0.0007558065681
37.86	0.0007579762188
38.0	0.0007602224525
38.14	0.0007623000962
38.28	0.0007644253748
38.42	0.0007666380856
38.55	0.0007686533406
38.69	0.0007708299685
38.83	0.0007729072103
38.97	0.0007748725595
39.11	0.0007771073212
39.25	0.0007791419581
39.39	0.0007812641052
39.53	0.0007834292884
39.67	0.0007853998007
39.81	0.0007875537816
39.95	0.0007895684127
40.09	0.0007917194017
40.23	0.0007938903131
40.37	0.0007960034059
40.51	0.000798397213
40.65	0.0008005930647
40.79	0.0008029331002
40.93	0.000805205204
41.07	0.000807501906
41.21	0.0008099482653
41.36	0.0008122738764
41.5	0.0008147752632
41.64	0.0008170333217
41.78	0.0008195479943
41.92	0.0008218661494
42.07	0.0008244436903
42.21	0.0008268876083
42.35	0.0008293548332
42.49	0.0008317140509
42.64	0.0008339795791
42.78	0.0008362792647
42.92	0.000838443997
43.06	0.0008407496257
43.21	0.0008429937449
43.35	0.0008454237739
43.49	0.0008476995356
43.64	0.0008501479434
43.78	0.0008524786446
43.93	0.0008549517245
44.07	0.0008573024521
44.21	0.0008597736535
44.36	0.0008621849901
44.5	0.0008646435383
44.65	0.0008670981172
44.79	0.0008695039927
44.94	0.000872029852
45.08	0.0008744347203
45.23	0.0008769629717
45.38	0.0008793683923
45.52	0.000881955082
45.67	0.0008844322501
45.81	0.0008870781819
45.96	0.000889582758
46.1	0.0008921747236
46.25	0.00089475583
46.4	0.000897325659
46.54	0.0008999628202
46.69	0.0009025082127
46.84	0.0009051208448
46.98	0.0009076458249
47.13	0.000910209965
47.28	0.0009127648211
47.43	0.0009153146054
47.57	0.0009179378837
47.72	0.0009204596378
47.87	0.0009230726249
48.02	0.0009256003771
48.17	0.0009281614596
48.31	0.0009307545947
48.46	0.0009332290707
48.61	0.0009357868079
48.76	0.0009383893289
48.91	0.0009408937825
49.06	0.0009434871542
49.21	0.0009460063597
49.36	0.0009484979973
49.51	0.000951071243
49.66	0.000953558033
49.81	0.0009560658075
49.96	0.0009585478454
50.11	0.0009608570385
50.26	0.0009631426258
50.41	0.0009655251431
50.56	0.0009677830081
50.71	0.0009701584184
50.86	0.0009725913289
51.01	0.0009750076792
51.16	0.0009775039661
51.31	0.0009801002133
51.47	0.0009826105735
51.62	0.0009850866352
51.77	0.0009876861944
51.92	0.0009901800657
52.07	0.0009926595049
52.23	0.0009952095658
52.38	0.0009976332413
52.53	0.001000058588
52.69	0.001002488318
52.84	0.001004958989
52.99	0.001007389125
53.14	0.001009805283
53.3	0.001012243136
53.45	0.001014713194
53.61	0.001017195981
53.76	0.001019653885
53.91	0.001022099093
54.07	0.001024635583
54.22	0.001027061984
54.38	0.001029524929
54.53	0.001032000009
54.69	0.00103453674
54.84	0.001037145711
55.0	0.001039751733
55.15	0.001042358221
55.31	0.001044955048
55.46	0.001047626838
55.62	0.001050179046
55.77	0.001052699408
55.93	0.001055238637
56.09	0.00105771847
56.24	0.001060271661
56.4	0.001062811418
56.55	0.001065285257
56.71	0.001067680636
56.87	0.001070075928
57.03	0.001072485802
57.18	0.001074841618
57.34	0.001077264446
57.5	0.00107972592
57.66	0.001082231681
57.81	0.001084784183
57.97	0.001087392831
58.13	0.001089968157
58.29	0.001092584429
58.45	0.001095157248
58.61	0.001097778028
58.77	0.001100432887
58.93	0.001103108214
59.08	0.001105766815
59.24	0.001108370408
59.4	0.001110886627
59.56	0.001113454229
59.72	0.001115989371
59.88	0.00111855913
60.04	0.001121106122
60.2	0.00112370377
60.36	0.001126315534
60.52	0.001128927221
60.69	0.001131499172
60.85	0.001134101085
61.01	0.001136735295
61.17	0.001139309714
61.33	0.001141945635
61.49	0.001144600684
61.65	0.001147245821
61.82	0.001149865349
61.98	0.001152517026
62.14	0.001155169766
62.3	0.001157892781
62.46	0.001160652677
62.63	0.001163403901
62.79	0.001166146888
62.95	0.001168887162
63.12	0.001171630153
63.28	0.001174352984
63.44	0.001177064423
63.61	0.001179639559
63.77	0.0011822688
63.94	0.001184831473
64.1	0.001187474588
64.26	0.001190097556
64.43	0.001192784568
64.6	0.00119534746
64.76	0.001197865853
64.93	0.001200432207
65.09	0.001202934681
65.25	0.001205489211
65.42	0.001208099227
65.59	0.001210635554
65.75	0.001213162012
65.92	0.001215686604
66.09	0.001218243548
66.25	0.001220800715
66.42	0.001223399175
66.59	0.001225986843
66.75	0.001228659952
66.92	0.001231297403
67.09	0.001233922964
67.25	0.001236593568
67.42	0.001239292283
67.59	0.001242000925
67.76	0.00124478214
67.93	0.001247591494
68.09	0.001250487957
68.26	0.001253415543
68.43	0.001256326782
68.6	0.001259241107
68.77	0.001262141575
68.94	0.00126503409
69.11	0.001268007587
69.28	0.001270973074
69.45	0.001273996928
69.62	0.001277005704
69.78	0.001280048394
69.96	0.001283087498
70.13	0.001286091475
70.3	0.001289091516
70.47	0.001292119157
70.64	0.001295114402
70.81	0.001298133179
70.98	0.001301061407
71.15	0.001303971599
71.32	0.001306867832
71.49	0.001309719133
71.67	0.001312564651
71.84	0.001315435765
72.01	0.001318293327
72.18	0.00132108658
72.36	0.001323897765
72.53	0.001326718352
72.7	0.001329538924
72.88	0.001332378721
73.05	0.001335184045
73.22	0.001337907066
73.4	0.001340638026
73.57	0.001343305479
73.74	0.001345949536
73.92	0.001348573356
74.09	0.001351209019
74.27	0.00135388463
74.44	0.001356537656
74.62	0.001359146615
74.79	0.001361792968
74.96	0.001364453109
75.14	0.001367067311
75.32	0.00136969294
75.49	0.001372405167
75.67	0.001375134142
75.84	0.001377856281
76.02	0.001380618906
76.2	0.001383458027
76.37	0.001386277217
76.55	0.001389128028
76.73	0.001391969433
76.9	0.001394821104
77.08	0.001397690279
77.26	0.001400663647
77.44	0.001403632582
77.61	0.00140658639
77.79	0.001409649078
77.97	0.001412636144
78.15	0.001415653709
78.33	0.001418724441
78.51	0.001421672711
78.69	0.001424622294
78.86	0.00142762456
79.04	0.001430517837
79.22	0.001433382637
79.4	0.001436315766
79.58	0.001439207948
79.76	0.001442058621
79.94	0.001445037073
80.12	0.001447940944
80.3	0.001450933865
80.48	0.001453811864
80.67	0.001456730202
80.85	0.001459773698
81.03	0.001462763518
81.21	0.001465922274
81.39	0.001469015178
81.57	0.001472183793
81.75	0.001475341455
81.94	0.001478351484
82.12	0.001481443943
82.3	0.001484323003
82.48	0.001487227591
82.67	0.001490060087
82.85	0.001493006424
83.03	0.001495906386
83.22	0.001498718843
83.4	0.00150156241
83.59	0.001504311962
83.77	0.001507173183
83.95	0.001509887743
84.14	0.001512751649
84.32	0.001515461013
84.51	0.001518315227
84.69	0.001520932573
84.88	0.001523626502
85.06	0.001526195157
85.25	0.001528891363
85.43	0.001531530543
85.62	0.001534257006
85.8	0.001536834063
85.99	0.001539469941
86.18	0.001542227914
86.37	0.001545108792
86.55	0.001548041137
86.74	0.001550925906
86.93	0.001553881173
87.11	0.001556655594
87.3	0.001559591361
87.49	0.001562428522
87.68	0.001565399376
87.86	0.001568209248
88.05	0.001571193886
88.24	0.001574131844
88.43	0.00157701844
88.62	0.001580163809
88.81	0.001583290694
89.0	0.001586559593
89.19	0.001589817631
89.38	0.001592915651
89.57	0.001596146576
89.76	0.001599173106
89.95	0.001602270667
90.14	0.001605437913
90.33	0.001608438962
90.52	0.001611631928
90.71	0.001614825344
90.9	0.001617874029
91.09	0.001621021379
91.28	0.001624056989
91.47	0.001627056375
91.67	0.001630195915
91.86	0.001633297781
92.05	0.001636303418
92.24	0.001639460588
92.44	0.00164266093
92.63	0.00164582138
92.82	0.001649203506
93.02	0.001652569338
93.21	0.00165575259
93.4	0.001658955269
93.6	0.00166220016
93.79	0.001665399068
93.99	0.001668496667
94.18	0.001671680112
94.38	0.001674897829
94.57	0.001678030936
94.76	0.001681192036
94.96	0.001684447966
95.16	0.001687692834
95.35	0.001690706908
95.55	0.001693750433
95.74	0.001696782648
95.94	0.001699833853
96.14	0.00170274045
96.33	0.001705603077
96.53	0.001708569928
96.73	0.001711584775
96.92	0.001714569118
97.12	0.001717468278
97.32	0.001720434705
97.52	0.001723427179
97.71	0.001726436681
97.91	0.001729488612
98.11	0.001732586403
98.31	0.001735682356
98.51	0.001738776135
98.71	0.001741953726
98.91	0.001745178529
99.11	0.00174846428
99.31	0.001751761361
99.51	0.001755036143
99.71	0.001758302554
99.91	0.001761552591
100.1	0.001764871414
100.3	0.001768252426
100.5	0.001771627455
100.7	0.001775054621
100.9	0.001778478511
101.1	0.001781879696
101.3	0.001785339094
101.5	0.001788679476
101.7	0.001792032593
101.9	0.001795452515
102.1	0.001798868261
102.3	0.001802291524
102.5	0.001805715912
102.7	0.001809139436
102.9	0.001812562074
103.1	0.001815948619
103.3	0.001819275363
103.5	0.00182260545
103.7	0.001825917351
104.0	0.001829209948
104.2	0.001832489271
104.4	0.001835778941
104.6	0.001838994876
104.8	0.0018422248
105.0	0.001845378972
105.2	0.001848488035
105.4	0.001851579161
105.6	0.001854714273
105.8	0.001857801849
106.0	0.00186097403
106.2	0.001864163551
106.4	0.001867465586
106.6	0.001870742802
106.8	0.001874089653
107.0	0.001877521546
107.3	0.001880923457
107.5	0.001884422207
107.7	0.001888013442
107.9	0.001891617561
108.1	0.001895221607
108.3	0.001898805514
108.5	0.001902395736
108.7	0.001906032257
108.9	0.001909684677
109.1	0.001913295471
109.3	0.001916945073
109.5	0.001920598185
109.8	0.001924318625
110.0	0.001927924132
110.2	0.001931519086
110.4	0.001935163763
110.6	0.00193877113
110.8	0.001942404813
111.0	0.001945979756
111.2	0.001949435787
111.4	0.001952809815
111.7	0.001956215685
111.9	0.001959582212
112.1	0.001962955356
112.3	0.001966304684
112.5	0.001969547055
112.7	0.001972690824
112.9	0.001975849602
113.1	0.0019790827
113.4	0.001982288208
113.6	0.001985364302
113.8	0.001988382945
114.0	0.001991416624
114.2	0.001994655847
114.4	0.00199798533
114.6	0.002001202628
114.9	0.00200452792
115.1	0.002008004035
115.3	0.002011439619
115.5	0.002014612
115.7	0.002017898664
115.9	0.002021431176
116.2	0.002024894672
116.4	0.002028320834
116.6	0.002031773161
116.8	0.002035157729
117.0	0.002038451927
117.2	0.0020417066
117.5	0.002045101237
117.7	0.002048464689
117.9	0.002051802469
118.1	0.002055211689
118.3	0.002058706344
118.6	0.002062114131
118.8	0.002065570592
119.0	0.002069113746
119.2	0.002072551913
119.4	0.002076111366
119.7	0.002079672282
119.9	0.002083171153
120.1	0.002086875267
120.3	0.002090547995
120.5	0.002094102165
120.8	0.00209788976
121.0	0.00210157289
121.2	0.002105355286
121.4	0.002109047645
121.6	0.002112665792
121.9	0.002116433022
122.1	0.002120089335
122.3	0.00212384327
122.5	0.002127465778
122.8	0.002131184426
123.0	0.002134928513
123.2	0.002138621133
123.4	0.002142333611
123.7	0.002145887605
123.9	0.002149493972
124.1	0.002152953232
124.3	0.002156532442
124.6	0.002159864289
124.8	0.002163241599
125.0	0.002166567926
125.2	0.002170028159
125.5	0.00217341925
125.7	0.002176900989
125.9	0.002180360221
126.1	0.002183843329
126.4	0.002187227461
126.6	0.002190732175
126.8	0.00219419576
127.0	0.00219779722
127.3	0.002201322097
127.5	0.002204882482
127.7	0.002208327996
128.0	0.002211706601
128.2	0.002215216806
128.4	0.002218735398
128.6	0.002222307618
128.9	0.002225902818
129.1	0.002229431181
129.3	0.002233090438
129.6	0.002236651503
129.8	0.002240231391
130.0	0.002243777138
130.3	0.002247242727
130.5	0.0022508177
130.7	0.002254307078
130.9	0.002257820792
131.2	0.002261264225
131.4	0.002264713932
131.6	0.00226818245
131.9	0.002271666841
132.1	0.002275105358
132.3	0.002278599617
132.6	0.002282055507
132.8	0.002285568571
133.0	0.002289159465
133.3	0.002292790167
133.5	0.002296418916
133.7	0.002300080456
134.0	0.002303704906
134.2	0.002307307823
134.4	0.002310843895
134.7	0.002314432495
134.9	0.002318154483
135.2	0.002321944593
135.4	0.002325732802
135.6	0.00232952437
135.9	0.002333364612
136.1	0.002337244541
136.3	0.002341172111
136.6	0.002345096529
136.8	0.002349081519
137.0	0.002352995844
137.3	0.002356930055
137.5	0.002360728734
137.8	0.002364562062
138.0	0.002368359878
138.2	0.002372052919
138.5	0.002375754649
138.7	0.002379500542
139.0	0.002383278972
139.2	0.00238704695
139.4	0.002390863848
139.7	0.002394699261
139.9	0.002398673134
140.2	0.002402697723
140.4	0.002406762682
140.6	0.002410749084
140.9	0.002414658548
141.1	0.00241861988
141.4	0.002422450546
141.6	0.002426268112
141.8	0.002430109235
142.1	0.00243398548
142.3	0.002437793181
142.6	0.002441590441
142.8	0.002445280609
143.1	0.002449018279
143.3	0.002452750801
143.6	0.002456545448
143.8	0.002460407502
144.0	0.002464227779
144.3	0.002468061682
144.5	0.002471934731
144.8	0.002475869438
145.0	0.002479703808
145.3	0.002483514186
145.5	0.002487340745
145.8	0.002491145387
146.0	0.002494970915
146.3	0.002498791742
146.5	0.002502643888
146.7	0.002506591078
147.0	0.002510556027
147.2	0.002514469778
147.5	0.002518316714
147.7	0.00252226179
148.0	0.002526067462
148.2	0.002529811477
148.5	0.002533465158
148.7	0.002537102126
149.0	0.002540731931
149.2	0.002544412783
149.5	0.0025480623
149.7	0.002551737375
150.0	0.00255546147
150.2	0.002559178167
150.5	0.002562927451
150.7	0.002566776532
151.0	0.002570674148
151.2	0.002574613549
151.5	0.002578555519
151.7	0.002582440613
152.0	0.002586250977
152.2	0.002590078519
152.5	0.002593919752
152.8	0.002597818316
153.0	0.002601724313
153.3	0.002605677186
153.5	0.00260957783
153.8	0.002613496365
154.0	0.002617423262
154.3	0.002621336882
154.5	0.002625329429
154.8	0.002629279186
155.0	0.002633220725
155.3	0.00263719822
155.6	0.00264119704
155.8	0.002645360455
156.1	0.002649544331
156.3	0.00265377626
156.6	0.002658079645
156.8	0.002662442365
157.1	0.002666945038
157.4	0.002671367476
157.6	0.002675754397
157.9	0.002680162618
158.1	0.002684450538
158.4	0.002688823243
158.7	0.002693115757
158.9	0.002697331781
159.2	0.002701658121
159.4	0.002705943981
159.7	0.002710099419
160.0	0.002714348079
160.2	0.002718587001
160.5	0.00272273619
160.7	0.002726920506
161.0	0.002731148691
161.3	0.002735302423
161.5	0.002739490912
161.8	0.00274359621
162.0	0.002747628506
162.3	0.002751714978
162.6	0.002755735596
162.8	0.002759884015
163.1	0.002763909903
163.4	0.002768077128
163.6	0.002772206756
163.9	0.002776278246
164.2	0.00278039639
164.4	0.002784456376
164.7	0.002788447753
165.0	0.002792403305
165.2	0.002796474443
165.5	0.002800503806
165.8	0.002804681494
166.0	0.002808801024
166.3	0.00281302951
166.6	0.002817228744
166.8	0.002821579185
167.1	0.002825937184
167.4	0.002830424696
167.6	0.00283469223
167.9	0.002839091463
168.2	0.002843527583
168.4	0.002848056551
168.7	0.002852568806
169.0	0.002857118066
169.2	0.002861711799
169.5	0.00286616498
169.8	0.002870622008
170.0	0.002874934296
170.3	0.002879290156
170.6	0.002883624273
170.9	0.00288776481
171.1	0.002891978909
171.4	0.00289618812
171.7	0.002900509736
172.0	0.002904805823
172.2	0.002908909167
172.5	0.002913061314
172.8	0.002917069597
173.0	0.002920976566
173.3	0.002925014362
173.6	0.002929123642
173.9	0.00293325362
174.1	0.002937521473
174.4	0.002941755901
174.7	0.002945918816
175.0	0.002950214072
175.2	0.002954591033
175.5	0.002958973543
175.8	0.00296331869
176.1	0.002967769915
176.3	0.002972285912
176.6	0.002976718807
176.9	0.002981057032
177.2	0.002985439581
177.5	0.002989814428
177.7	0.002994178178
178.0	0.002998426846
178.3	0.003002684876
178.6	0.003006990115
178.9	0.003011301017
179.1	0.003015646366
179.4	0.003019974406
179.7	0.003024212823
180.0	0.003028498908
180.3	0.003032783489
180.5	0.003037078515
180.8	0.003041331577
181.1	0.003045643499
181.4	0.003050057421
181.7	0.003054439837
181.9	0.003058874836
182.2	0.003063295382
182.5	0.003067797059
182.8	0.003072157182
183.1	0.003076563091
183.4	0.00308104211
183.7	0.003085560658
183.9	0.003090026674
184.2	0.003094394819
184.5	0.003098616732
184.8	0.003102771942
185.1	0.003106979372
185.4	0.003111314507
185.6	0.003115883046
185.9	0.003120678891
186.2	0.003125531819
186.5	0.003130477044
186.8	0.003135414975
187.1	0.003140361898
187.4	0.003145189621
187.7	0.003150117501
187.9	0.003155012076
188.2	0.003159708084
188.5	0.003164308324
188.8	0.003168903958
189.1	0.003173501996
189.4	0.003177943057
189.7	0.003182443004
190.0	0.003186853669
190.3	0.003191171472
190.6	0.003195395105
190.9	0.003199650435
191.1	0.003204006119
191.4	0.00320848505
191.7	0.003212909661
192.0	0.003217394995
192.3	0.003221809144
192.6	0.003226225308
192.9	0.003230720986
193.2	0.003235327306
193.5	0.003239868325
193.8	0.00324442029
194.1	0.003249089185
194.4	0.003253904368
194.7	0.00325872164
195.0	0.003263568158
195.3	0.003268268445
195.6	0.003272901884
195.9	0.003277551999
196.2	0.003282283757
196.4	0.00328692966
196.7	0.003291527583
197.0	0.003296255024
197.3	0.003300934397
197.6	0.003305584529
197.9	0.003310213746
198.2	0.003314772042
198.5	0.003319415906
198.8	0.00332398042
199.1	0.003328609688
199.4	0.003333178367
199.7	0.003337678113
200.0	0.00334215696
200.3	0.003346782035
200.6	0.003351559623
200.9	0.003356596229
201.2	0.003361505481
201.5	0.003366416768
201.8	0.00337140746
202.2	0.003376239419
202.5	0.003380956379
202.8	0.003385727704
203.1	0.003390373654
203.4	0.003395067608
203.7	0.003399744636
204.0	0.003404580908
204.3	0.00340930835
204.6	0.003414069215
204.9	0.003418978454
205.2	0.003423835306
205.5	0.003428738104
205.8	0.003433461421
206.1	0.003438268174
206.4	0.00344289985
206.7	0.003447706539
207.0	0.00345276606
207.3	0.003457946891
207.7	0.003463004237
208.0	0.003468040929
208.3	0.003473010694
208.6	0.003478049485
208.9	0.003482994276
209.2	0.003488164496
209.5	0.003493319789
209.8	0.003498402351
210.1	0.003503356956
210.4	0.003508257649
210.8	0.003513019488
211.1	0.003517678675
211.4	0.003522269993
211.7	0.003526802802
212.0	0.003531340017
212.3	0.003535985855
212.6	0.003540617451
212.9	0.003545369826
213.3	0.00355017442
213.6	0.003555069524
213.9	0.003560007678
214.2	0.003564891648
214.5	0.00356987409
214.8	0.003574724631
215.2	0.003579404172
215.5	0.00358403087
215.8	0.003588624444
216.1	0.003593220425
216.4	0.003597858521
216.7	0.003602563148
217.1	0.0036072885
217.4	0.003612018031
217.7	0.003616739029
218.0	0.003621583452
218.3	0.003626483284
218.7	0.003631362497
219.0	0.003636198759
219.3	0.003640981095
219.6	0.003645903362
219.9	0.003650960265
220.3	0.003655996862
220.6	0.003661058527
220.9	0.003666118103
221.2	0.003671161387
221.5	0.003676197991
221.9	0.00368123481
222.2	0.003686335956
222.5	0.003691496257
222.8	0.003696544948
223.2	0.003701851263
223.5	0.003707347452
223.8	0.003712837137
224.1	0.003718517155
224.5	0.003724228752
224.8	0.003729948712
225.1	0.003735526125
225.4	0.003741023894
225.8	0.003746480385
226.1	0.003751943404
226.4	0.003757285002
226.7	0.003762548772
227.1	0.003767795895
227.4	0.003773087371
227.7	0.003778389437
228.1	0.003783607493
228.4	0.003788792119
228.7	0.003793905425
229.0	0.003799061369
229.4	0.003804162712
229.7	0.003809335379
230.0	0.003814397034
230.4	0.003819532411
230.7	0.003824733423
231.0	0.003829908734
231.4	0.003835111592
231.7	0.003840270482
232.0	0.003845384033
232.4	0.003850570218
232.7	0.003855770858
233.0	0.003860894515
233.4	0.003866071049
233.7	0.003871261871
234.0	0.003876441169
234.4	0.003881674794
234.7	0.003886712066
235.0	0.003891715232
235.4	0.003896545378
235.7	0.003901418296
236.1	0.003906348283
236.4	0.003911287748
236.7	0.003916377736
237.1	0.00392135277
237.4	0.003926338268
237.7	0.003931474789
238.1	0.00393660466
238.4	0.003941946838
238.8	0.003947110484
239.1	0.003952251917
239.4	0.003957455638
239.8	0.003962752454
240.1	0.003968158819
240.5	0.003973767418
240.8	0.003979512199
241.1	0.003985124204
241.5	0.003990728172
241.8	0.003996247305
242.2	0.004001730089
242.5	0.004007280989
242.9	0.004012829807
243.2	0.004018211511
243.6	0.004023563113
243.9	0.004028852473
244.2	0.004034295981
244.6	0.004039808862
244.9	0.004045340543
245.3	0.00405092773
245.6	0.004056516711
246.0	0.004062121052
246.3	0.004067627203
246.7	0.00407315725
247.0	0.004078588656
247.4	0.004083965747
247.7	0.004089372085
248.1	0.004094828849
248.4	0.004100191027
248.8	0.00410546817
249.1	0.004110671259
249.5	0.004115826453
249.8	0.00412111374
250.2	0.004126653303
250.5	0.004132269152
250.9	0.004137920997
251.2	0.004143542505
251.6	0.004149049119
251.9	0.004154512376
252.3	0.004159959983
252.6	0.004165550165
253.0	0.004171066686
253.3	0.004176575409
253.7	0.004182259598
254.0	0.004187525452
254.4	0.004192866503
254.8	0.004198305731
255.1	0.004203680737
255.5	0.004209012421
255.8	0.004214265717
256.2	0.004219404665
256.5	0.004224490414
256.9	0.004229549426
257.3	0.004234533393
257.6	0.004239465153
258.0	0.004244501002
258.3	0.004249682345
258.7	0.0042549049
259.1	0.004260037977
259.4	0.004265396308
259.8	0.00427090087
260.1	0.004276389899
260.5	0.004281843172
260.9	0.004287266832
261.2	0.004292663058
261.6	0.004298114785
262.0	0.004303509225
262.3	0.004308806968
262.7	0.004314198716
263.0	0.004319702038
263.4	0.004325283879
263.8	0.00433090061
264.1	0.00433648391
264.5	0.004342062592
264.9	0.004347585544
265.2	0.004353112891
265.6	0.004358764319
266.0	0.004364346171
266.3	0.004370026207
266.7	0.004375863704
267.1	0.004381799248
267.4	0.004387715999
267.8	0.004393779551
268.2	0.004399348887
268.5	0.004404792211
268.9	0.004410380413
269.3	0.004415997105
269.7	0.004421759246
270.0	0.004427687169
270.4	0.004433692401
270.8	0.004439547266
271.1	0.004445404883
271.5	0.004451143426
271.9	0.004456744074
272.3	0.004462416464
272.6	0.004467969077
273.0	0.004473564896
273.4	0.004479297172
273.8	0.004485116466
274.1	0.00449086754
274.5	0.004496603262
274.9	0.004502531899
275.3	0.004508606766
275.6	0.004514620925
276.0	0.004520618488
276.4	0.004526668276
276.8	0.004532874578
277.2	0.004539217744
277.5	0.004545461057
277.9	0.004551745576
278.3	0.004558304532
278.7	0.004564656247
279.0	0.004570751449
279.4	0.004576653988
279.8	0.004582613937
280.2	0.004588607311
280.6	0.004594421306
281.0	0.004600405831
281.3	0.00460618843
281.7	0.004611749867
282.1	0.00461718804
282.5	0.004622755096
282.9	0.004628020088
283.3	0.004633286509
283.6	0.00463867282
284.0	0.004644198283
284.4	0.004650017092
284.8	0.004656034287
285.2	0.004662094528
285.6	0.004668331081
286.0	0.004674220026
286.3	0.004680185422
286.7	0.004686115747
287.1	0.004692150538
287.5	0.004698169014
287.9	0.004704379679
288.3	0.004710623403
288.7	0.004717002422
289.1	0.004723287427
289.5	0.004729610026
289.8	0.004735717114
290.2	0.004741745481
290.6	0.004747880292
291.0	0.004754141986
291.4	0.004760366694
291.8	0.004766775813
292.2	0.004773158675
292.6	0.004779287869
293.0	0.004785478824
293.4	0.004791875409
293.8	0.004798373695
294.2	0.00480475005
294.6	0.004810989718
295.0	0.004817166963
295.4	0.004823313064
295.8	0.004829432928
296.2	0.004835726901
296.6	0.004841643925
297.0	0.004847141064
297.4	0.004852684733
297.8	0.004858253845
298.2	0.004863744547
298.6	0.004869361111
299.0	0.004875067162
299.4	0.004880865289
299.8	0.004886885526
300.2	0.004892975981
300.6	0.004899007491
301.0	0.004905218106
301.4	0.00491151832
301.8	0.004917971276
302.2	0.004924349028
302.6	0.004930751847
303.0	0.004937214245
303.4	0.004943676634
303.8	0.0049502717
304.2	0.004956881373
304.6	0.004963330126
305.0	0.004969845687
305.4	0.004976420784
305.8	0.004983102446
306.2	0.00498981652
306.6	0.004996464811
307.0	0.005002801847
307.4	0.00500901876
307.9	0.005014976635
308.3	0.005020870807
308.7	0.005026831804
309.1	0.005032705055
309.5	0.005038907387
309.9	0.005045318636
310.3	0.005051712114
310.7	0.005058257019
311.1	0.00506482057
311.6	0.00507141651
312.0	0.005077906263
312.4	0.005084319552
312.8	0.005090845648
313.2	0.005097443993
313.6	0.005103958675
314.0	0.005110597459
314.5	0.005117381485
314.9	0.005124122602
315.3	0.005130905964
315.7	0.005137589709
316.1	0.005144255778
316.5	0.00515082025
317.0	0.005157251388
317.4	0.0051637353
317.8	0.005170237251
318.2	0.005176605279
318.6	0.005183092809
319.1	0.005189672956
319.5	0.005196370556
319.9	0.005203070262
320.3	0.005209815943
320.7	0.005216484723
321.2	0.005223170465
321.6	0.005229917065
322.0	0.005236600106
322.4	0.00524328495
322.9	0.005249987706
323.3	0.005256722373
323.7	0.005263417332
324.1	0.005270182965
324.6	0.005276835916
325.0	0.005283501591
325.4	0.005290133825
325.8	0.005296578032
326.3	0.005303087735
326.7	0.005309835216
327.1	0.005316518786
327.6	0.00532320066
328.0	0.005330069284
328.4	0.005336902436
328.8	0.005343611932
329.3	0.005350316405
329.7	0.005356994155
330.1	0.005363729502
330.6	0.005370460292
331.0	0.005377114727
331.4	0.005383673429
331.9	0.005390261216
332.3	0.00539688756
332.7	0.005403478391
333.2	0.005410207885
333.6	0.005416767895
334.0	0.005423617768
334.5	0.005430457676
334.9	0.005437401301
335.3	0.005444326918
335.8	0.005451155895
336.2	0.005458084387
336.7	0.005464844029
337.1	0.005471645832
337.5	0.005478386308
338.0	0.00548495893
338.4	0.00549138829
338.9	0.005497893459
339.3	0.005504421709
339.7	0.005510914332
340.2	0.005517532063
340.6	0.005524216847
341.1	0.005531033369
341.5	0.00553791884
342.0	0.00554486479
342.4	0.005551867843
342.8	0.00555855684
343.3	0.005565036937
343.7	0.005571455052
344.2	0.005578183773
344.6	0.005585150667
345.1	0.005591987267
345.5	0.005598415897
346.0	0.005604960106
346.4	0.005611483434
346.9	0.005618143102
347.3	0.005624933168
347.8	0.005631839448
348.2	0.005638780445
348.7	0.005645895453
349.1	0.005653023324
349.6	0.005660214715
350.0	0.005667258883
350.5	0.005674384306
350.9	0.005681251514
351.4	0.005687808309
351.8	0.005694209303
352.3	0.005700602571
352.7	0.005707060985
353.2	0.00571368554
353.6	0.005720551195
354.1	0.005727406978
354.5	0.005734356154
355.0	0.005741397334
355.5	0.005748418109
355.9	0.005755320155
356.4	0.005762318294
356.8	0.005769485078
357.3	0.005776501614
357.8	0.005783578016
358.2	0.005790784619
358.7	0.005798016166
359.1	0.005805186058
359.6	0.005812002459
360.1	0.005818728989
360.5	0.005825339097
361.0	0.005831924676
361.4	0.005838622579
361.9	0.005845448938
362.4	0.005852521773
362.8	0.005859447959
363.3	0.005866346033
363.8	0.00587341579
364.2	0.005880462339
364.7	0.005887831624
365.2	0.005895562535
365.6	0.005903156543
366.1	0.005910959153
366.6	0.005918493732
367.0	0.00592607799
367.5	0.005933456135
368.0	0.005940773466
368.4	0.00594801024
368.9	0.005955180605
369.4	0.005962218901
369.9	0.005969111729
370.3	0.005976040958
370.8	0.005982884107
371.3	0.005989819181
371.7	0.005996823623
372.2	0.006003815113
372.7	0.0060107402
373.2	0.006017938538
373.6	0.006025188234
374.1	0.006032525649
374.6	0.006039739005
375.1	0.006046621516
375.5	0.006053472323
376.0	0.006060346134
376.5	0.006067117987
377.0	0.006074101223
377.5	0.006081162992
377.9	0.006088287263
378.4	0.006095495726
378.9	0.006102813546
379.4	0.00611003701
379.9	0.006117260482
380.3	0.006124525403
380.8	0.006131755165
381.3	0.006139013758
381.8	0.006146200751
382.3	0.00615349738
382.8	0.006160894436
383.2	0.006168340001
383.7	0.006175776271
384.2	0.006183285065
384.7	0.006190763763
385.2	0.00619830931
385.7	0.006205735491
386.2	0.00621337894
386.7	0.006221142036
387.1	0.006229157065
387.6	0.00623744659
388.1	0.006245506312
388.6	0.006253221074
389.1	0.00626078517
389.6	0.006268457654
390.1	0.006275965864
390.6	0.00628391067
391.1	0.006291911871
391.6	0.006299687215
392.1	0.006307422867
392.6	0.006315217457
393.0	0.006322999493
393.5	0.006330692708
394.0	0.006338359833
394.5	0.006345667832
395.0	0.006352952029
395.5	0.006360102733
396.0	0.006367002945
396.5	0.006374015954
397.0	0.006381277186
397.5	0.006388542781
398.0	0.006395975325
398.5	0.006403592547
399.0	0.006411259056
399.5	0.006418987931
400.0	0.006426805336
400.5	0.006435071122
401.0	0.006443463133
401.5	0.006451759702
402.0	0.006460145471
402.5	0.006468270046
403.0	0.006476385628
403.5	0.006484462003
404.1	0.006492477555
404.6	0.006500476075
405.1	0.006508398649
405.6	0.006516261668
406.1	0.006524118054
406.6	0.00653169716
407.1	0.006539263878
407.6	0.006546641851
408.1	0.00655389057
408.6	0.006561091396
409.1	0.006568475992
409.7	0.006576011124
410.2	0.006583633606
410.7	0.00659138601
411.2	0.0065992429
411.7	0.00660737757
412.2	0.006615437059
412.7	0.006623567701
413.2	0.006631978005
413.8	0.00664055128
414.3	0.006649111982
414.8	0.006657697808
415.3	0.006666103981
415.8	0.006674453744
416.3	0.006682901721
416.9	0.006691326669
417.4	0.006699120688
417.9	0.006706444757
418.4	0.006713639398
418.9	0.006720859175
419.5	0.006728072622
420.0	0.006735423798
420.5	0.006742850161
421.0	0.006750278745
421.6	0.006757590462
422.1	0.006764967026
422.6	0.006772313869
423.1	0.006780055361
423.7	0.006788421704
424.2	0.006796756769
424.7	0.006804722491
425.2	0.00681248944
425.8	0.006820285635
426.3	0.006827998171
426.8	0.006835786005
427.3	0.006843730949
427.9	0.006851890989
428.4	0.006859985943
428.9	0.006868091467
429.5	0.006876163447
430.0	0.006884273029
430.5	0.006892400578
431.1	0.006900507608
431.6	0.006908820971
432.1	0.006917127772
432.7	0.006925188929
433.2	0.006933032721
433.7	0.006941572857
434.3	0.006950389866
434.8	0.006958932578
435.3	0.00696741442
435.9	0.006975877382
436.4	0.006984394287
437.0	0.006993249813
437.5	0.007002214188
438.0	0.007011105469
438.6	0.007019992595
439.1	0.007028751414
439.7	0.007037515079
440.2	0.00704625507
440.7	0.007054766854
441.3	0.007063351465
441.8	0.007071682421
442.4	0.007080132964
442.9	0.00708868693
443.5	0.007097165404
444.0	0.007105574908
444.6	0.007113689133
445.1	0.007121630949
445.7	0.007129730282
446.2	0.007137926931
446.7	0.00714624472
447.3	0.007154598912
447.8	0.007162614457
448.4	0.007170396627
448.9	0.007178638894
449.5	0.007186988641
450.1	0.007195406996
450.6	0.007204189748
451.2	0.007213081265
451.7	0.007221984664
452.3	0.007230867123
452.8	0.007239918487
453.4	0.007248670731
453.9	0.00725736446
454.5	0.007265672075
455.0	0.007274083175
455.6	0.007282433119
456.2	0.007290733265
456.7	0.007299006879
457.3	0.007306905301
457.8	0.007314526883
458.4	0.007322283358
459.0	0.007330183125
459.5	0.007338055764
460.1	0.007345958103
460.6	0.007354159587
461.2	0.007362583295
461.8	0.007370995754
462.3	0.007379364788
462.9	0.007387973619
463.5	0.007396622328
464.0	0.007405165507
464.6	0.00741372793
465.2	0.007422274307
465.7	0.007430727881
466.3	0.007439190969
466.9	0.007447550244
467.4	0.007455969096
468.0	0.007464711504
468.6	0.007473525563
469.2	0.007482531313
469.7	0.007491501581
470.3	0.007500375181
470.9	0.007509606005
471.4	0.007518778902
472.0	0.007527936087
472.6	0.0075367621
473.2	0.007545486359
473.7	0.007554211611
474.3	0.007562866944
474.9	0.007571560286
475.5	0.007580594305
476.0	0.007589504306
476.6	0.007598258069
477.2	0.007606928985
477.8	0.007615326821
478.4	0.00762387029
478.9	0.007632561507
479.5	0.007641213273
480.1	0.007650086171
480.7	0.007659040906
481.3	0.007668109935
481.9	0.007677406244
482.4	0.007686653017
483.0	0.007696185962
483.6	0.007705834283
484.2	0.007715282084
484.8	0.007724589391
485.4	0.007733848538
486.0	0.007743229531
486.6	0.007752741368
487.1	0.007762011794
487.7	0.00777097369
488.3	0.007780004486
488.9	0.007789189195
489.5	0.007798028536
490.1	0.007806637384
490.7	0.007815132707
491.3	0.007823563905
491.9	0.007831962469
492.5	0.007840540185
493.1	0.007849383147
493.7	0.007858104691
494.3	0.007866882017
494.9	0.007876389332
495.5	0.007886111092
496.0	0.007895948112
496.6	0.007905801266
497.2	0.007915506894
497.8	0.007925595253
498.4	0.007935525687
499.0	0.007944812362
499.7	0.007953821475
500.3	0.007963006053
500.9	0.007972371349
501.5	0.007981214322
502.1	0.007990031246
502.7	0.007998712266
503.3	0.008007213296
503.9	0.008015834217
504.5	0.008024370823
505.1	0.00803278168
505.7	0.008041240501
506.3	0.008050779322
506.9	0.008060599094
507.5	0.008069920309
508.1	0.008079404791
508.7	0.008088914583
509.4	0.00809824416
510.0	0.008107669256
510.6	0.008116918844
511.2	0.008125962761
511.8	0.008135185117
512.4	0.008144630962
513.0	0.00815401596
513.7	0.008163299302
514.3	0.008172439466
514.9	0.008181362636
515.5	0.008190521779
516.1	0.008199476822
516.7	0.008208520798
517.4	0.008217745388
518.0	0.008227108608
518.6	0.00823646181
519.2	0.008246057051
519.8	0.008255806534
520.5	0.008266001159
521.1	0.008277009214
521.7	0.008287727985
522.3	0.00829837257
523.0	0.00830829433
523.6	0.008318215095
524.2	0.008328351066
524.8	0.008338340805
525.5	0.008347957635
526.1	0.008357517016
526.7	0.008367072183
527.4	0.008376773606
528.0	0.008386077994
528.6	0.008395319737
529.3	0.008404637747
529.9	0.008413820246
530.5	0.008422982796
531.2	0.008432346546
531.8	0.008441823305
532.4	0.008451589996
533.1	0.008461642294
533.7	0.008471529392
534.3	0.008481215921
535.0	0.008490790952
535.6	0.008500551382
536.2	0.008510140153
536.9	0.008519483831
537.5	0.008528640927
538.2	0.008537478642
538.8	0.008546350968
539.4	0.008555063733
540.1	0.008563916082
540.7	0.008572935859
541.4	0.008581992074
542.0	0.008591024698
542.7	0.008600210127
543.3	0.008609570693
544.0	0.008619319277
544.6	0.008629323099
545.2	0.00863925271
545.9	0.008649776737
546.5	0.008660622985
547.2	0.008671297031
547.8	0.008681556204
548.5	0.00869152456
549.1	0.008701296979
549.8	0.008710952881
550.5	0.008720789592
551.1	0.008730730424
551.8	0.008740289265
552.4	0.008749920141
553.1	0.008759794929
553.7	0.008769852002
554.4	0.008779902493
555.0	0.008789926356
555.7	0.00879980322
556.4	0.008809492821
557.0	0.008819116908
557.7	0.008828690244
558.3	0.0088386213
559.0	0.008848862933
559.7	0.008859626938
560.3	0.008870663908
561.0	0.008881506671
561.6	0.008892145354
562.3	0.008902841858
563.0	0.008913162299
563.6	0.00892334199
564.3	0.008933736848
565.0	0.008944463059
565.6	0.008955186145
566.3	0.008965593869
567.0	0.008975739773
567.7	0.008986129683
568.3	0.008996535016
569.0	0.009006628461
569.7	0.009016872559
570.3	0.009027187735
571.0	0.009037456464
571.7	0.009047786059
572.4	0.009057985773
573.0	0.009067857816
573.7	0.009077641207
574.4	0.009087736421
575.1	0.00909760999
575.7	0.009107686781
576.4	0.00911857983
577.1	0.009129365375
577.8	0.009139501078
578.5	0.009149866248
579.1	0.009160318112
579.8	0.009170882824
580.5	0.009181026574
581.2	0.009190897135
581.9	0.009200519127
582.6	0.009210057462
583.3	0.009219766797
583.9	0.009229696997
584.6	0.009239922733
585.3	0.009250264114
586.0	0.009261182655
586.7	0.00927217297
587.4	0.009282704886
588.1	0.009293263235
588.8	0.009303704146
589.5	0.009313752322
590.1	0.009323937093
590.8	0.009334165364
591.5	0.009344638451
592.2	0.009355560297
592.9	0.009366344234
593.6	0.009376760884
594.3	0.009386994602
595.0	0.009397252835
595.7	0.009407527367
596.4	0.009417926846
597.1	0.009428488172
597.8	0.009439066945
598.5	0.009450111568
599.2	0.009461639435
599.9	0.009473145294
600.6	0.009484597226
601.3	0.009496092707
602.0	0.009507193068
602.7	0.0095180762
603.4	0.009528768065
604.1	0.009539202429
604.9	0.009549674981
605.6	0.009559980118
606.3	0.009570178444
607.0	0.009580364514
607.7	0.009590630746
608.4	0.009600943974
609.1	0.00961140996
609.8	0.009622358989
610.5	0.009633055686
611.3	0.009643597517
612.0	0.0096540298
612.7	0.009664746414
613.4	0.009675612611
614.1	0.009686681498
614.8	0.009697402923
615.5	0.009708505667
616.3	0.009719839962
617.0	0.009730995861
617.7	0.00974244418
618.4	0.009753850045
619.2	0.009764718315
619.9	0.00977546834
620.6	0.009786127989
621.3	0.00979674343
622.0	0.009807967613
622.8	0.009819799716
623.5	0.0098313165
624.2	0.009842633044
624.9	0.009853753178
625.7	0.009865048571
626.4	0.009876278948
627.1	0.009887449215
627.9	0.009898997069
628.6	0.009910434903
629.3	0.009921976707
630.1	0.009933769131
630.8	0.009945175052
631.5	0.009956520223
632.3	0.009967633848
633.0	0.009978126842
633.7	0.009988369329
634.5	0.009998983613
635.2	0.01000976709
636.0	0.01002056306
636.7	0.01003137372
637.4	0.01004210283
638.2	0.0100531099
638.9	0.01006420053
639.7	0.0100752032
640.4	0.01008615617
641.1	0.01009706891
641.9	0.01010831607
642.6	0.01011984942
643.4	0.01013108418
644.1	0.01014260289
644.9	0.01015382768
645.6	0.01016452593
646.4	0.01017511212
647.1	0.0101861256
647.9	0.01019741265
648.6	0.0102088812
649.4	0.01022038344
650.1	0.01023196131
650.9	0.01024312278
651.6	0.01025448557
652.4	0.01026653763
653.1	0.01027912592
653.9	0.01029151622
654.7	0.01030363346
655.4	0.01031523578
656.2	0.01032672739
656.9	0.01033866584
657.7	0.01035100204
658.5	0.01036295765
659.2	0.0103745969
660.0	0.01038608851
660.7	0.01039734197
661.5	0.0104080985
662.3	0.01041880647
663.0	0.010429309
663.8	0.01043995755
664.6	0.0104515753
665.3	0.0104632189
666.1	0.01047424978
666.9	0.01048526069
667.7	0.01049642022
668.4	0.01050785486
669.2	0.01051931552
670.0	0.01053102126
670.7	0.01054323124
671.5	0.0105559652
672.3	0.01056909642
673.1	0.01058214763
673.8	0.01059459023
674.6	0.01060643142
675.4	0.01061742385
676.2	0.01062841433
677.0	0.01063945468
677.7	0.01065040789
678.5	0.01066131465
679.3	0.01067220344
680.1	0.01068341439
680.9	0.01069468215
681.7	0.01070596221
682.4	0.01071733939
683.2	0.01072928316
684.0	0.01074200361
684.8	0.01075414636
685.6	0.01076642256
686.4	0.01077847184
687.2	0.01079031928
688.0	0.01080211377
688.7	0.01081408291
689.5	0.01082632192
690.3	0.01083843087
691.1	0.01085026204
691.9	0.01086278256
692.7	0.01087570051
693.5	0.01088812169
694.3	0.01090015552
695.1	0.01091176684
695.9	0.01092319167
696.7	0.01093462811
697.5	0.01094613919
698.3	0.01095829789
699.1	0.01097047062
699.9	0.01098302946
700.7	0.01099541044
701.5	0.01100729756
702.3	0.01101945455
703.1	0.01103162689
703.9	0.01104419706
704.7	0.01105707565
705.6	0.01107024341
706.4	0.01108262143
707.2	0.0110944061
708.0	0.01110639426
708.8	0.01111884686
709.6	0.0111313336
710.4	0.01114344631
711.2	0.01115555917
712.1	0.01116738162
712.9	0.01117910285
713.7	0.01119182086
714.5	0.01120461888
715.3	0.01121665177
716.1	0.01122845318
717.0	0.01124020024
717.8	0.01125206503
718.6	0.01126412622
719.4	0.01127611689
720.2	0.01128855375
721.1	0.01130192178
721.9	0.01131551524
722.7	0.01132867104
723.6	0.01134139815
724.4	0.01135354494
725.2	0.0113656015
726.0	0.01137757586
726.9	0.01139040018
727.7	0.01140327381
728.5	0.01141670712
729.4	0.01143018464
730.2	0.01144313445
731.0	0.01145555274
731.9	0.01146765179
732.7	0.01147948817
733.5	0.01149100888
734.4	0.01150280465
735.2	0.011514668
736.1	0.01152679951
736.9	0.01153938198
737.7	0.01155241674
738.6	0.01156542274
739.4	0.01157822491
740.3	0.01159135038
741.1	0.01160505645
741.9	0.01161835195
742.8	0.01163087446
743.6	0.01164327369
744.5	0.01165561239
745.3	0.01166809841
746.2	0.0116806513
747.0	0.01169354261
747.9	0.01170674519
748.7	0.01171948293
749.6	0.01173179472
750.4	0.01174433284
751.3	0.0117578049
752.2	0.01177154128
753.0	0.01178517323
753.9	0.01179863374
754.7	0.01181231714
755.6	0.0118257788
756.4	0.01183922239
757.3	0.01185259557
758.2	0.01186588705
759.0	0.0118789264
759.9	0.01189149324
760.8	0.01190414283
761.6	0.01191708752
762.5	0.01192982831
763.4	0.01194300849
764.2	0.01195630588
765.1	0.01196942838
766.0	0.01198257349
766.8	0.01199543547
767.7	0.01200783369
768.6	0.01202026446
769.4	0.01203278644
770.3	0.01204524909
771.2	0.01205782236
772.1	0.01207085646
772.9	0.01208419893
773.8	0.01209786598
774.7	0.01211122098
775.6	0.01212435245
776.5	0.01213816378
777.3	0.01215228707
778.2	0.01216639341
779.1	0.01218024065
780.0	0.01219313328
780.9	0.0122051075
781.8	0.01221691195
782.6	0.01222920511
783.5	0.01224174127
784.4	0.01225406305
785.3	0.01226661246
786.2	0.01227972313
787.1	0.01229333976
788.0	0.01230670027
788.9	0.01232056373
789.8	0.01233484963
790.7	0.01234879041
791.5	0.01236206447
792.4	0.01237490384
793.3	0.01238753406
794.2	0.01240000819
795.1	0.01241258025
796.0	0.01242567216
796.9	0.01243938507
797.8	0.0124531527
798.7	0.01246663119
799.6	0.01247993197
800.5	0.0124933205
801.4	0.01250725843
802.4	0.01252174424
803.3	0.01253553641
804.2	0.01254892084
805.1	0.0125620227
806.0	0.0125751509
806.9	0.01258875437
807.8	0.01260313628
808.7	0.01261729769
809.6	0.0126313439
810.5	0.01264546263
811.5	0.01265938499
812.4	0.01267319842
813.3	0.0126872763
814.2	0.01270073663
815.1	0.01271378044
816.1	0.01272647043
817.0	0.01273962705
817.9	0.01275325764
818.8	0.01276762937
819.7	0.01278187846
820.7	0.01279599149
821.6	0.01281043132
822.5	0.01282496211
823.4	0.01283872885
824.4	0.01285264254
825.3	0.01286634799
826.2	0.01287982931
827.2	0.01289321071
828.1	0.01290702394
829.0	0.01292197705
830.0	0.01293692858
830.9	0.01295174269
831.8	0.01296655208
832.8	0.01298128927
833.7	0.01299550492
834.6	0.01300956557
835.6	0.01302383406
836.5	0.01303839002
837.5	0.01305301458
838.4	0.01306736953
839.3	0.01308149623
840.3	0.01309571592
841.2	0.01311007949
842.2	0.01312458084
843.1	0.01313892129
844.1	0.01315247162
845.0	0.01316610648
846.0	0.01317971858
846.9	0.01319307835
847.9	0.01320672781
848.8	0.01322034393
849.8	0.01323391612
850.7	0.01324787241
851.7	0.01326182707
852.6	0.01327702458
853.6	0.01329237662
854.6	0.013306889
855.5	0.01332105678
856.5	0.01333436174
857.4	0.0133484416
858.4	0.01336351172
859.4	0.01337813256
860.3	0.01339299795
861.3	0.01340763354
862.3	0.01342260333
863.2	0.01343717211
864.2	0.0134511747
865.2	0.01346478264
866.1	0.01347846999
867.1	0.01349291501
868.1	0.01350793704
869.0	0.01352315983
870.0	0.01353810864
871.0	0.01355271038
872.0	0.0135670348
872.9	0.01358145116
873.9	0.01359620772
874.9	0.01361108401
875.9	0.01362617045
876.9	0.01364123977
877.8	0.01365615999
878.8	0.013670614
879.8	0.01368480604
880.8	0.01369991182
881.8	0.01371504131
882.8	0.013730214
883.8	0.01374507026
884.7	0.01375984369
885.7	0.01377459887
886.7	0.01378875357
887.7	0.013802331
888.7	0.01381612831
889.7	0.01383128946
890.7	0.01384674301
891.7	0.01386199629
892.7	0.01387694278
893.7	0.01389141191
894.7	0.01390658085
895.7	0.01392115445
896.7	0.01393527462
897.7	0.01394995857
898.7	0.01396543924
899.7	0.01398088822
900.7	0.01399644505
901.7	0.0140121105
902.7	0.01402783906
903.7	0.01404322834
904.7	0.0140580749
905.7	0.01407254988
906.7	0.01408693658
907.7	0.01410125323
908.8	0.0141160866
909.8	0.01413144767
910.8	0.0141472571
911.8	0.01416292106
912.8	0.01417854633
913.8	0.01419349997
914.9	0.01420790431
915.9	0.01422278436
916.9	0.01423785701
917.9	0.01425265273
918.9	0.01426756066
920.0	0.01428300382
921.0	0.01429815215
922.0	0.01431307657
923.0	0.01432755668
924.1	0.01434216051
925.1	0.01435725382
926.1	0.014372474
927.2	0.01438814986
928.2	0.01440382003
929.2	0.01441962342
930.3	0.0144353382
931.3	0.01445078018
932.3	0.01446608993
933.4	0.01448123392
934.4	0.0144958933
935.4	0.01451080756
936.5	0.0145266567
937.5	0.01454302471
938.6	0.01455906034
939.6	0.0145753723
940.7	0.01459145481
941.7	0.01460724694
942.8	0.01462271878
943.8	0.01463841286
944.9	0.01465461812
945.9	0.01467086352
947.0	0.01468665522
948.0	0.01470223834
949.1	0.01471695123
950.1	0.01473108581
951.2	0.01474494197
952.2	0.01475958896
953.3	0.0147753113
954.3	0.0147916164
955.4	0.01480773369
956.5	0.01482390825
957.5	0.01484004386
958.6	0.01485546408
959.6	0.01487033487
960.7	0.01488526622
961.8	0.0149005233
962.8	0.01491664868
963.9	0.01493339323
965.0	0.01495098993
966.1	0.01496806857
967.1	0.01498400374
968.2	0.01499962956
969.3	0.01501560118
970.3	0.01503228203
971.4	0.01504872157
972.5	0.01506491034
973.6	0.0150807629
974.7	0.01509640558
975.7	0.01511197617
976.8	0.01512780664
977.9	0.01514391795
979.0	0.01516072599
980.1	0.01517765463
981.1	0.01519450929
982.2	0.01521030731
983.3	0.01522605064
984.4	0.01524216352
985.5	0.01525861624
986.6	0.01527454855
987.7	0.01529037157
988.8	0.01530631944
989.9	0.01532335781
991.0	0.01534042757
992.1	0.01535710952
993.2	0.01537423157
994.3	0.01539082765
995.4	0.0154068171
996.5	0.01542279619
997.6	0.01543944602
998.7	0.01545664357
999.8	0.01547382564
1001.0	0.01549090044
1002.0	0.01550721078
1003.0	0.01552295208
1004.0	0.01553891133
1005.0	0.01555465482
1006.0	0.01556999308
1008.0	0.01558593441
1009.0	0.0156023395
1010.0	0.01561864487
1011.0	0.01563557453
1012.0	0.01565239101
1013.0	0.01566928803
1014.0	0.01568548906
1015.0	0.01570216349
1016.0	0.01571941457
1018.0	0.015736984
1019.0	0.01575562608
1020.0	0.01577307372
1021.0	0.01578978171
1022.0	0.01580651839
1023.0	0.01582269631
1024.0	0.0158388178
1025.0	0.01585546369
1027.0	0.01587204056
1028.0	0.01588860871
1029.0	0.01590500838
1030.0	0.0159215741
1031.0	0.01593920237
1032.0	0.01595763466
1033.0	0.01597488321
1035.0	0.01599166845
1036.0	0.01600862164
1037.0	0.01602538648
1038.0	0.01604271782
1039.0	0.01606007171
1040.0	0.01607759232
1041.0	0.01609500231
1043.0	0.01611280526
1044.0	0.01613129332
1045.0	0.0161491405
1046.0	0.01616683011
1047.0	0.01618474574
1048.0	0.01620230443
1049.0	0.01622005203
1051.0	0.01623749886
1052.0	0.0162537362
1053.0	0.01627026996
1054.0	0.01628640785
1055.0	0.01630316197
1056.0	0.0163209144
1058.0	0.01633888575
1059.0	0.01635626974
1060.0	0.01637394912
1061.0	0.01639232414
1062.0	0.01641034002
1063.0	0.01642720212
1065.0	0.01644358929
1066.0	0.01646017121
1067.0	0.01647732405
1068.0	0.01649502654
1069.0	0.01651291387
1070.0	0.01653129087
1072.0	0.01654946081
1073.0	0.01656670143
1074.0	0.01658358023
1075.0	0.01660072273
1076.0	0.01661841051
1077.0	0.01663603772
1079.0	0.01665370027
1080.0	0.01667116031
1081.0	0.01668821726
1082.0	0.01670496278
1083.0	0.01672331069
1085.0	0.01674170446
1086.0	0.01675891799
1087.0	0.01677682944
1088.0	0.0167949415
1089.0	0.01681292343
1091.0	0.01683036078
1092.0	0.01684778229
1093.0	0.01686644948
1094.0	0.01688587768
1095.0	0.01690497279
1097.0	0.01692378657
1098.0	0.01694134939
1099.0	0.01695921344
1100.0	0.01697747472
1101.0	0.01699567434
1103.0	0.01701345447
1104.0	0.01703067403
1105.0	0.01704800707
1106.0	0.01706584867
1107.0	0.01708351941
1109.0	0.01710163064
1110.0	0.01712055737
1111.0	0.01713936058
1112.0	0.01715812652
1114.0	0.01717596408
1115.0	0.01719440596
1116.0	0.01721297878
1117.0	0.01723191435
1118.0	0.01725080119
1120.0	0.01726900098
1121.0	0.01728759266
1122.0	0.01730583765
1123.0	0.01732355677
1125.0	0.01734133898
1126.0	0.01735861684
1127.0	0.01737614448
1128.0	0.01739452081
1129.0	0.01741349398
1131.0	0.01743279668
1132.0	0.017451744
1133.0	0.01747024477
1134.0	0.01748984066
1136.0	0.0175092534
1137.0	0.01752833658
1138.0	0.01754659341
1139.0	0.01756513281
1141.0	0.01758360781
1142.0	0.01760161514
1143.0	0.0176191232
1144.0	0.01763754476
1146.0	0.01765632984
1147.0	0.01767514
1148.0	0.01769414273
1149.0	0.0177130837
1151.0	0.01773232861
1152.0	0.01775175225
1153.0	0.01777141541
1154.0	0.01779092958
1156.0	0.01781027522
1157.0	0.01782981656
1158.0	0.01784884035
1159.0	0.01786748668
1161.0	0.017886862
1162.0	0.01790671398
1163.0	0.01792522176
1165.0	0.01794308182
1166.0	0.01796159679
1167.0	0.01797981756
1168.0	0.01799809949
1170.0	0.01801713037
1171.0	0.01803675909
1172.0	0.01805681371
1173.0	0.01807657833
1175.0	0.01809606094
1176.0	0.0181155057
1177.0	0.01813390773
1179.0	0.01815264075
1180.0	0.018171517
1181.0	0.01818999309
1182.0	0.01820884311
1184.0	0.01822766245
1185.0	0.018246173
1186.0	0.0182646703
1188.0	0.0182839491
1189.0	0.01830422301
1190.0	0.01832447702
1191.0	0.01834475816
1193.0	0.01836465181
1194.0	0.01838364814
1195.0	0.01840310119
1197.0	0.0184221527
1198.0	0.01844199187
1199.0	0.01846192163
1201.0	0.01848229197
1202.0	0.0185029384
1203.0	0.0185231566
1205.0	0.0185429514
1206.0	0.01856168324
1207.0	0.01858083181
1208.0	0.01859979897
1210.0	0.01861828771
1211.0	0.01863747307
1212.0	0.01865696313
1214.0	0.01867602417
1215.0	0.01869527733
1216.0	0.01871471348
1218.0	0.0187347982
1219.0	0.0187551792
1220.0	0.01877578042
1222.0	0.01879566812
1223.0	0.01881584797
1224.0	0.01883593787
1226.0	0.01885635173
1227.0	0.01887718752
1228.0	0.01889705618
1230.0	0.01891534907
1231.0	0.0189337374
1232.0	0.01895280518
1234.0	0.01897241509
1235.0	0.01899226724
1236.0	0.01901251836
1238.0	0.01903305328
1239.0	0.01905392096
1240.0	0.01907428399
1242.0	0.01909529235
1243.0	0.01911478299
1244.0	0.01913513619
1246.0	0.01915600114
1247.0	0.01917640139
1248.0	0.01919609199
1250.0	0.01921529845
1251.0	0.01923536594
1253.0	0.0192569297
1254.0	0.01927751361
1255.0	0.01929740744
1257.0	0.01931774755
1258.0	0.01933834898
1259.0	0.01935847823
1261.0	0.01937910978
1262.0	0.01939906176
1263.0	0.01941877534
1265.0	0.01943841338
1266.0	0.01945904339
1268.0	0.01948032201
1269.0	0.01950179108
1270.0	0.01952284933
1272.0	0.01954275412
1273.0	0.01956269498
1274.0	0.01958299114
1276.0	0.01960361545
1277.0	0.01962409728
1279.0	0.01964491831
1280.0	0.0196649233
1281.0	0.01968537742
1283.0	0.01970623795
1284.0	0.01972767842
1286.0	0.01974907632
1287.0	0.01977058014
1288.0	0.01979161706
1290.0	0.01981296489
1291.0	0.01983308333
1293.0	0.01985263034
1294.0	0.01987195755
1295.0	0.01989270426
1297.0	0.01991508595
1298.0	0.01993739658
1300.0	0.01995934983
1301.0	0.01998071413
1302.0	0.02000185068
1304.0	0.02002220604
1305.0	0.02004176123
1307.0	0.02006151306
1308.0	0.02008251783
1309.0	0.02010446306
1311.0	0.02012648515
1312.0	0.02014787835
1314.0	0.0201685741
1315.0	0.02018910692
1317.0	0.02021035133
1318.0	0.02023238508
1319.0	0.02025421295
1321.0	0.0202752606
1322.0	0.02029633457
1324.0	0.02031783263
1325.0	0.02033910343
1327.0	0.02036027656
1328.0	0.02038142243
1329.0	0.02040254273
1331.0	0.02042272175
1332.0	0.02044332429
1334.0	0.02046468341
1335.0	0.0204865822
1337.0	0.02050831016
1338.0	0.02052930052
1339.0	0.02054938582
1341.0	0.0205710147
1342.0	0.02059320374
1344.0	0.02061552988
1345.0	0.02063694735
1347.0	0.02065814859
1348.0	0.02067982972
1350.0	0.02070161482
1351.0	0.02072327747
1353.0	0.02074579752
1354.0	0.02076802674
1355.0	0.02079060803
1357.0	0.02081269192
1358.0	0.02083510924
1360.0	0.02085749826
1361.0	0.02087971701
1363.0	0.02090123677
1364.0	0.02092205884
1366.0	0.02094249999
1367.0	0.02096310298
1369.0	0.02098363492
1370.0	0.02100560352
1372.0	0.02102823064
1373.0	0.02105056441
1375.0	0.02107197789
1376.0	0.02109308466
1378.0	0.02111463566
1379.0	0.02113612195
1381.0	0.02115775458
1382.0	0.02118041491
1384.0	0.02120315501
1385.0	0.02122602595
1386.0	0.02124887215
1388.0	0.02127084099
1389.0	0.02129203115
1391.0	0.02131350793
1392.0	0.02133697749
1394.0	0.02136033599
1395.0	0.02138314049
1397.0	0.02140616139
1398.0	0.02142914354
1400.0	0.02145086467
1401.0	0.02147159666
1403.0	0.02149263578
1405.0	0.0215140467
1406.0	0.02153663495
1408.0	0.02155959188
1409.0	0.02158231912
1411.0	0.02160470483
1412.0	0.02162736566
1414.0	0.02165070509
1415.0	0.0216734065
1417.0	0.02169582167
1418.0	0.02171830584
1420.0	0.02174006803
1421.0	0.02176258584
1423.0	0.02178482029
1424.0	0.0218073062
1426.0	0.02183128962
1427.0	0.02185525846
1429.0	0.02187854951
1430.0	0.0219006023
1432.0	0.02192268915
1433.0	0.02194553588
1435.0	0.02196835561
1437.0	0.02199139033
1438.0	0.02201367304
1440.0	0.02203573269
1441.0	0.02205841947
1443.0	0.02208265212
1444.0	0.02210785933
1446.0	0.02213244737
1447.0	0.02215669406
1449.0	0.02217996596
1451.0	0.02220279188
1452.0	0.02222507469
1454.0	0.02224705811
1455.0	0.02226858206
1457.0	0.02229071869
1458.0	0.02231382282
1460.0	0.02233868224
1461.0	0.02236189142
1463.0	0.02238425821
1465.0	0.02240777278
1466.0	0.02243196392
1468.0	0.02245472737
1469.0	0.02247822836
1471.0	0.0225016739
1472.0	0.02252635924
1474.0	0.02255059798
1476.0	0.02257453866
1477.0	0.02259775364
1479.0	0.02262205551
1480.0	0.02264625446
1482.0	0.02266971489
1484.0	0.02269394167
1485.0	0.02271815918
1487.0	0.02274181919
1488.0	0.02276474325
1490.0	0.02278646133
1492.0	0.02280876643
1493.0	0.02283136958
1495.0	0.022855647
1496.0	0.0228808428
1498.0	0.02290521374
1500.0	0.02292952848
1501.0	0.022953176
1503.0	0.02297705331
1504.0	0.02300009934
1506.0	0.02302300141
1508.0	0.02304664905
1509.0	0.02307017621
1511.0	0.02309338833
1512.0	0.02311819303
1514.0	0.02314275818
1516.0	0.0231680434
1517.0	0.02319230146
1519.0	0.02321535413
1521.0	0.02324019241
1522.0	0.02326554662
1524.0	0.02329059779
1525.0	0.02331485126
1527.0	0.023338689
1529.0	0.02336119611
1530.0	0.0233838327
1532.0	0.02340856889
1534.0	0.02343401941
1535.0	0.02345807025
1537.0	0.0234822255
1539.0	0.02350723106
1540.0	0.02353102499
1542.0	0.02355468496
1544.0	0.02357959469
1545.0	0.02360506336
1547.0	0.02363071561
1549.0	0.02365583781
1550.0	0.02368083461
1552.0	0.02370486108
1553.0	0.02372903106
1555.0	0.02375280729
1557.0	0.02377668784
1558.0	0.02380100982
1560.0	0.02382546031
1562.0	0.0238500391
1563.0	0.02387463302
1565.0	0.02389942977
1567.0	0.02392483234
1569.0	0.02394995422
1570.0	0.0239749481
1572.0	0.02400036824
1574.0	0.02402546909
1575.0	0.02405143561
1577.0	0.02407637036
1579.0	0.02410050091
1580.0	0.02412467089
1582.0	0.02414895326
1584.0	0.0241751652
1585.0	0.02420110488
1587.0	0.02422711671
1589.0	0.02425221898
1590.0	0.02427771432
1592.0	0.02430402263
1594.0	0.02432942106
1596.0	0.02435561953
1597.0	0.02438138026
1599.0	0.02440747449
1601.0	0.02443252055
1602.0	0.02445692284
1604.0	0.02448163582
1606.0	0.02450787503
1607.0	0.0245336699
1609.0	0.02455975486
1611.0	0.02458599506
1613.0	0.02461156121
1614.0	0.02463580466
1616.0	0.02465995271
1618.0	0.02468355314
1620.0	0.02470798379
1621.0	0.02473338155
1623.0	0.02476019025
1625.0	0.02478693964
1626.0	0.02481360069
1628.0	0.02483959235
1630.0	0.02486560587
1632.0	0.02489008378
1633.0	0.02491475502
1635.0	0.02494078902
1637.0	0.02496605055
1639.0	0.02499152618
1640.0	0.02501676151
1642.0	0.0250430308
1644.0	0.02507025565
1646.0	0.02509778871
1647.0	0.02512528571
1649.0	0.02515149186
1651.0	0.02517771399
1653.0	0.02520456422
1654.0	0.02523015469
1656.0	0.02525471586
1658.0	0.02527971497
1660.0	0.02530589524
1662.0	0.02533084958
1663.0	0.02535646758
1665.0	0.02538252672
1667.0	0.02540819074
1669.0	0.02543461182
1670.0	0.02546110055
1672.0	0.02548729308
1674.0	0.0255135779
1676.0	0.02553967825
1678.0	0.02556649282
1679.0	0.02559223247
1681.0	0.02561876318
1683.0	0.02564557512
1685.0	0.0256718246
1686.0	0.0256978553
1688.0	0.02572439898
1690.0	0.02575029341
1692.0	0.02577610909
1694.0	0.02580205289
1695.0	0.02582817515
1697.0	0.02585581295
1699.0	0.02588419125
1701.0	0.0259109934
1703.0	0.02593725009
1704.0	0.02596357871
1706.0	0.02599011171
1708.0	0.02601808125
1710.0	0.02604612247
1712.0	0.02607383379
1714.0	0.02610131872
1715.0	0.02612809532
1717.0	0.02615506283
1719.0	0.02618178138
1721.0	0.02620878345
1723.0	0.02623499316
1725.0	0.02626216109
1726.0	0.02629049836
1728.0	0.02631917617
1730.0	0.02634528891
1732.0	0.0263712355
1734.0	0.02639877739
1736.0	0.02642601968
1737.0	0.02645392797
1739.0	0.02648046629
1741.0	0.02650740911
1743.0	0.02653508103
1745.0	0.02656222967
1747.0	0.02658936567
1749.0	0.02661641447
1750.0	0.02664408552
1752.0	0.02667214106
1754.0	0.02670005447
1756.0	0.02672756682
1758.0	0.02675533375
1760.0	0.02678467198
1762.0	0.02681296172
1763.0	0.02683924206
1765.0	0.02686604831
1767.0	0.02689409042
1769.0	0.0269210475
1771.0	0.02694818217
1773.0	0.02697630324
1775.0	0.02700610233
1777.0	0.02703545684
1778.0	0.02706311408
1780.0	0.02709003736
1782.0	0.02711742416
1784.0	0.02714553045
1786.0	0.02717338462
1788.0	0.02720157134
1790.0	0.02723019226
1792.0	0.02725862535
1794.0	0.0272866959
1796.0	0.02731484807
1797.0	0.02734231094
1799.0	0.02737034756
1801.0	0.02739688399
1803.0	0.02742375851
1805.0	0.0274526177
1807.0	0.02747986963
1809.0	0.0275071852
1811.0	0.0275353849
1813.0	0.02756316981
1815.0	0.02759198097
1817.0	0.0276211753
1819.0	0.02764932805
1820.0	0.02767780132
1822.0	0.0277074618
1824.0	0.02773621371
1826.0	0.02776347184
1828.0	0.02779135322
1830.0	0.02781976733
1832.0	0.02784901012
1834.0	0.02787826665
1836.0	0.02790678169
1838.0	0.02793439114
1840.0	0.02796215132
1842.0	0.02799191162
1844.0	0.02802167993
1846.0	0.02805105466
1848.0	0.02807992139
1850.0	0.02810887618
1852.0	0.02813669203
1854.0	0.0281646816
1855.0	0.02819299598
1857.0	0.02822258918
1859.0	0.02825055129
1861.0	0.02828051263
1863.0	0.02831130466
1865.0	0.02834008918
1867.0	0.02836881297
1869.0	0.02839813017
1871.0	0.02842652597
1873.0	0.02845587286
1875.0	0.02848513084
1877.0	0.02851381038
1879.0	0.02854179713
1881.0	0.02857064643
1883.0	0.0286000747
1885.0	0.02862948493
1887.0	0.0286603396
1889.0	0.02869014348
1891.0	0.02872083443
1893.0	0.028750265
1895.0	0.02878034093
1897.0	0.02880934486
1899.0	0.02883845032
1901.0	0.02886690372
1903.0	0.02889518331
1905.0	0.02892496707
1907.0	0.02895586796
1909.0	0.0289869608
1911.0	0.02901730963
1913.0	0.02904751132
1915.0	0.02907617258
1917.0	0.02910529607
1919.0	0.02913381876
1921.0	0.02916174892
1923.0	0.02919145997
1925.0	0.02922204554
1928.0	0.02925298368
1930.0	0.0292832406
1932.0	0.02931315335
1934.0	0.02934200274
1936.0	0.02937054626
1938.0	0.02940174629
1940.0	0.02943261714
1942.0	0.02946315729
1944.0	0.02949256096
1946.0	0.02952161443
1948.0	0.02955171963
1950.0	0.02958169946
1952.0	0.02961113161
1954.0	0.02964306328
1956.0	0.02967584931
1958.0	0.02970696397
1960.0	0.02973716436
1962.0	0.02976735969
1964.0	0.02979637611
1967.0	0.0298262193
1969.0	0.02985611756
1971.0	0.02988654017
1973.0	0.02991684593
1975.0	0.02994796571
1977.0	0.02997914827
1979.0	0.03000859079
1981.0	0.03003837607
1983.0	0.03006852273
1985.0	0.0300989827
1987.0	0.03012984157
1990.0	0.03016046657
1992.0	0.030192144
1994.0	0.03022331336
1996.0	0.03025363095
1998.0	0.03028493962
2000.0	0.03031568057
2002.0	0.03034647855
2004.0	0.03037679368
2006.0	0.03040941421
2009.0	0.03044091273
2011.0	0.03047181274
2013.0	0.03050445495
2015.0	0.03053477326
2017.0	0.03056517893
2019.0	0.0305967267
2021.0	0.03062833878
2023.0	0.03065987223
2026.0	0.03069198371
2028.0	0.03072309073
2030.0	0.03075491586
2032.0	0.03078568551
2034.0	0.03081677648
2036.0	0.0308491724
2038.0	0.0308816582
2041.0	0.03091280087
2043.0	0.03094321552
2045.0	0.03097409277
2047.0	0.03100477462
2049.0	0.03103729727
2051.0	0.03107089572
2053.0	0.03110339922
2056.0	0.03113467164
2058.0	0.03116507388
2060.0	0.03119682562
2062.0	0.03122835559
2064.0	0.03126042326
2066.0	0.03129439189
2069.0	0.03132759516
2071.0	0.03135908982
2073.0	0.03138943699
2075.0	0.03142010255
2077.0	0.03145296399
2080.0	0.03148694294
2082.0	0.0315203754
2084.0	0.0315514775
2086.0	0.03158232792
2088.0	0.03161343462
2091.0	0.03164551719
2093.0	0.03167944474
2095.0	0.03171292839
2097.0	0.03174564425
2099.0	0.03177887638
2102.0	0.03181170051
2104.0	0.03184447601
2106.0	0.0318777483
2108.0	0.03191054848
2110.0	0.03194272184
2113.0	0.03197415617
2115.0	0.03200678063
2117.0	0.03203947544
2119.0	0.03207119636
2122.0	0.03210246637
2124.0	0.03213361421
2126.0	0.03216636907
2128.0	0.03220035936
2131.0	0.03223290531
2133.0	0.03226572288
2135.0	0.03229805803
2137.0	0.03233154741
2140.0	0.03236507471
2142.0	0.03239765964
2144.0	0.03242966855
2146.0	0.03246287925
2149.0	0.03249588781
2151.0	0.03252918558
2153.0	0.03256194128
2155.0	0.03259501175
2158.0	0.03262973105
2160.0	0.03266282351
2162.0	0.03269616559
2164.0	0.03272894152
2167.0	0.03276292579
2169.0	0.03279656057
2171.0	0.03283036062
2174.0	0.0328626354
2176.0	0.03289572293
2178.0	0.03292891763
2180.0	0.03296242685
2183.0	0.03299693654
2185.0	0.03303148694
2187.0	0.03306526676
2190.0	0.03309798062
2192.0	0.03313090329
2194.0	0.03316420206
2196.0	0.0331970421
2199.0	0.03322994427
2201.0	0.03326424609
2203.0	0.0332975237
2206.0	0.03333013344
2208.0	0.03336322334
2210.0	0.03339794253
2213.0	0.03343433323
2215.0	0.03346984685
2217.0	0.03350414775
2220.0	0.03353709105
2222.0	0.03356988909
2224.0	0.0336026666
2227.0	0.03363698952
2229.0	0.033670727
2231.0	0.03370452733
2234.0	0.03373811803
2236.0	0.03377091478
2238.0	0.03380559237
2241.0	0.03384058454
2243.0	0.0338752586
2245.0	0.03390982844
2248.0	0.03394469629
2250.0	0.0339795613
2253.0	0.03401432139
2255.0	0.03404841555
2257.0	0.03408142496
2260.0	0.03411478693
2262.0	0.03415008672
2264.0	0.03418670897
2267.0	0.03422217973
2269.0	0.03425740316
2271.0	0.03429015767
2274.0	0.03432504043
2276.0	0.03436005522
2279.0	0.03439468702
2281.0	0.03443047629
2283.0	0.03446699493
2286.0	0.03450192034
2288.0	0.03453515719
2291.0	0.03457064868
2293.0	0.0346066415
2295.0	0.03464284478
2298.0	0.03467749892
2300.0	0.03471167842
2303.0	0.03474702795
2305.0	0.03478335769
2307.0	0.03481923964
2310.0	0.03485325054
2312.0	0.03488713715
2315.0	0.03492188628
2317.0	0.03495562001
2320.0	0.03499224051
2322.0	0.03502902919
2324.0	0.03506583773
2327.0	0.03510119937
2329.0	0.03513644662
2332.0	0.03517212823
2334.0	0.03520701141
2337.0	0.03524363308
2339.0	0.03528006436
2342.0	0.03531653615
2344.0	0.03535156768
2346.0	0.03538881352
2349.0	0.03542443379
2351.0	0.03545951496
2354.0	0.03549390562
2356.0	0.03552875921
2359.0	0.03556561221
2361.0	0.03560201674
2364.0	0.03564024565
2366.0	0.0356775107
2369.0	0.03571223741
2371.0	0.03574843704
2374.0	0.03578595266
2376.0	0.03582327862
2379.0	0.0358596289
2381.0	0.03589369565
2384.0	0.03592888282
2386.0	0.03596456831
2389.0	0.03600097514
2391.0	0.03603971986
2394.0	0.03607631781
2396.0	0.03611229075
2399.0	0.03614951008
2401.0	0.03618598961
2404.0	0.03622183358
2406.0	0.03625870473
2409.0	0.03629656324
2411.0	0.03633437417
2414.0	0.03637028675
2416.0	0.03640804277
2419.0	0.03644668025
2421.0	0.03648436941
2424.0	0.03652081467
2426.0	0.03655785471
2429.0	0.0365948005
2432.0	0.03663327189
2434.0	0.03667087184
2437.0	0.03670734415
2439.0	0.03674331089
2442.0	0.03678085011
2444.0	0.03681914391
2447.0	0.03685661099
2449.0	0.03689528629
2452.0	0.03693297056
2454.0	0.03697114341
2457.0	0.0370086502
2460.0	0.03704587868
2462.0	0.0370840195
2465.0	0.03712101605
2467.0	0.03715826987
2470.0	0.03719513131
2473.0	0.03723331693
2475.0	0.03727149065
2478.0	0.03730957246
2480.0	0.03734792796
2483.0	0.03738448836
2485.0	0.0374210906
2488.0	0.03745905332
2491.0	0.03749659325
2493.0	0.03753616963
2496.0	0.03757575667
2498.0	0.03761442446
2501.0	0.03765290088
2504.0	0.0376903677
2506.0	0.0377285395
2509.0	0.03776779767
2512.0	0.03780530532
2514.0	0.03784421404
2517.0	0.03788207277
2519.0	0.03791985089
2522.0	0.03795886237
2525.0	0.03799722263
2527.0	0.03803493245
2530.0	0.03807292887
2533.0	0.0381122682
2535.0	0.03815170266
2538.0	0.03819238738
2541.0	0.03823129068
2543.0	0.03826878281
2546.0	0.03830808019
2549.0	0.03834658067
2551.0	0.03838707202
2554.0	0.03842735002
2557.0	0.03846594844
2559.0	0.03850585486
2562.0	0.03854517784
2565.0	0.03858347372
2567.0	0.03862335377
2570.0	0.03866332321
2573.0	0.03870264516
2575.0	0.03874291865
2578.0	0.03878128351
2581.0	0.03881885064
2583.0	0.03885860424
2586.0	0.03889685755
2589.0	0.03893659752
2591.0	0.038976146
2594.0	0.03901540602
2597.0	0.03905448804
2600.0	0.03909378611
2602.0	0.03913318868
2605.0	0.03917265033
2608.0	0.03921275843
2610.0	0.03925442079
2613.0	0.03929413674
2616.0	0.03933266042
2619.0	0.03937170783
2621.0	0.03941247018
2624.0	0.03945182534
2627.0	0.03949113894
2630.0	0.03953034368
2632.0	0.03957120866
2635.0	0.0396113856
2638.0	0.0396533148
2641.0	0.03969417802
2643.0	0.03973505182
2646.0	0.03977458778
2649.0	0.03981496824
2652.0	0.03985638862
2654.0	0.03989576645
2657.0	0.03993618028
2660.0	0.03997679472
2663.0	0.04001509066
2665.0	0.04005437679
2668.0	0.04009466578
2671.0	0.0401345495
2674.0	0.04017554046
2677.0	0.04021649768
2679.0	0.04025683674
2682.0	0.04029888532
2685.0	0.04033839762
2688.0	0.04037874228
2691.0	0.04041955085
2693.0	0.04046176558
2696.0	0.04050270444
2699.0	0.04054499062
2702.0	0.04058481004
2705.0	0.04062585189
2707.0	0.04066620654
2710.0	0.04070759474
2713.0	0.04074761587
2716.0	0.04078911324
2719.0	0.04083139478
2722.0	0.04087454036
2724.0	0.04091524317
2727.0	0.04095765494
2730.0	0.04099985614
2733.0	0.04104132
2736.0	0.04108252514
2739.0	0.04112265033
2742.0	0.04116214388
2744.0	0.04120314881
2747.0	0.04124543563
2750.0	0.04128760812
2753.0	0.04133232416
2756.0	0.04137552673
2759.0	0.04141576616
2762.0	0.04145622645
2764.0	0.04149936387
2767.0	0.0415427214
2770.0	0.04158415694
2773.0	0.04162601536
2776.0	0.04166629645
2779.0	0.04170835335
2782.0	0.04175182552
2785.0	0.04179470747
2788.0	0.04183685859
2790.0	0.04187923479
2793.0	0.04192087957
2796.0	0.04196298336
2799.0	0.04200437056
2802.0	0.04204662568
2805.0	0.04209021324
2808.0	0.04213322804
2811.0	0.04217522661
2814.0	0.0422183571
2817.0	0.04226093096
2820.0	0.04230391702
2823.0	0.04234713048
2826.0	0.04239061407
2828.0	0.04243362112
2831.0	0.0424750728
2834.0	0.04251441301
2837.0	0.04255603928
2840.0	0.04259809923
2843.0	0.04264010125
2846.0	0.04268357452
2849.0	0.04272635342
2852.0	0.04276958799
2855.0	0.04281474321
2858.0	0.04285729334
2861.0	0.04290087882
2864.0	0.0429443237
2867.0	0.04298732388
2870.0	0.04303110091
2873.0	0.04307506211
2876.0	0.04311877864
2879.0	0.04316257747
2882.0	0.04320425691
2885.0	0.04324555893
2888.0	0.04328853644
2891.0	0.04333313007
2894.0	0.04337651462
2897.0	0.04341862914
2900.0	0.0434636955
2903.0	0.0435088791
2906.0	0.043550992
2909.0	0.04359230005
2912.0	0.04363649415
2915.0	0.04368085215
2918.0	0.04372437442
2921.0	0.04376756761
2924.0	0.04381305053
2927.0	0.04385778279
2930.0	0.04390252278
2933.0	0.04394638336
2936.0	0.04398844009
2939.0	0.04403153749
2942.0	0.04407563819
2945.0	0.04412241248
2949.0	0.04416646225
2952.0	0.04421019926
2955.0	0.04425424032
2958.0	0.04429777629
2961.0	0.04434142326
2964.0	0.04438796691
2967.0	0.04443249033
2970.0	0.04447781487
2973.0	0.04452379385
2976.0	0.04456680646
2979.0	0.04461223553
2982.0	0.04465764948
2986.0	0.04470204863
2989.0	0.04474648385
2992.0	0.04479119605
2995.0	0.04483652063
2998.0	0.04488110755
3001.0	0.04492637751
3004.0	0.04497086365
3007.0	0.04501607821
3010.0	0.04506018027
3014.0	0.04510642464
3017.0	0.04515280539
3020.0	0.04519885436
3023.0	0.04524483911
3026.0	0.04528990359
3029.0	0.04533489335
3032.0	0.0453820916
3036.0	0.04542767595
3039.0	0.04547439354
3042.0	0.04551899177
3045.0	0.04556597743
3048.0	0.04561169683
3051.0	0.04565651612
3054.0	0.04570228421
3058.0	0.04574739918
3061.0	0.04579369919
3064.0	0.04583847484
3067.0	0.04588344095
3070.0	0.04593186698
3074.0	0.04597835995
3077.0	0.04602669741
3080.0	0.04607293021
3083.0	0.04611730707
3086.0	0.04616262126
3090.0	0.04621140289
3093.0	0.04625992121
3096.0	0.04630431974
3099.0	0.04634881599
3102.0	0.04639497984
3106.0	0.04644212086
3109.0	0.04648955365
3112.0	0.04653758909
3115.0	0.04658473795
3119.0	0.04663084684
3122.0	0.04667595322
3125.0	0.04672293132
3128.0	0.04677182305
3131.0	0.04682093218
3135.0	0.04686732855
3138.0	0.04691212567
3141.0	0.04695991951
3144.0	0.04700764058
3148.0	0.04705607281
3151.0	0.04710353058
3154.0	0.04715112215
3158.0	0.04719882674
3161.0	0.04724852279
3164.0	0.04729712047
3167.0	0.04734522529
3171.0	0.04739159935
3174.0	0.04743899584
3177.0	0.04748649371
3181.0	0.04753458299
3184.0	0.04758344854
3187.0	0.04763129287
3190.0	0.04768012482
3194.0	0.04772869703
3197.0	0.04777683947
3200.0	0.04782449428
3204.0	0.04787391427
3207.0	0.0479219582
3210.0	0.04796774023
3214.0	0.04801414639
3217.0	0.04806298324
3220.0	0.04811233759
3224.0	0.04816256161
3227.0	0.04821012837
3230.0	0.04825821696
3234.0	0.04830801153
3237.0	0.0483563269
3240.0	0.04840594907
3244.0	0.04845463428
3247.0	0.04850339159
3250.0	0.04855191328
3254.0	0.04859969638
3257.0	0.04864760059
3261.0	0.04869679935
3264.0	0.04874545391
3267.0	0.04879505652
3271.0	0.04884455623
3274.0	0.04889314361
3278.0	0.04894066152
3281.0	0.04899081067
3284.0	0.04903744861
3288.0	0.04908774463
3291.0	0.04913861425
3295.0	0.04918737056
3298.0	0.04923747689
3301.0	0.0492868101
3305.0	0.0493362158
3308.0	0.04938713069
3312.0	0.04943643358
3315.0	0.0494848149
3318.0	0.0495329867
3322.0	0.04958214951
3325.0	0.049631835
3329.0	0.04968254758
3332.0	0.04973102558
3336.0	0.04978190175
3339.0	0.04983189274
3343.0	0.04987997005
3346.0	0.04993014817
3350.0	0.04998108886
3353.0	0.05003185182
3356.0	0.0500802023
3360.0	0.05012840686
3363.0	0.05017992179
3367.0	0.05023142678
3370.0	0.05028116613
3374.0	0.05033154384
3377.0	0.05038120138
3381.0	0.05043093728
3384.0	0.05048325867
3388.0	0.05053230833
3391.0	0.05058239297
3395.0	0.0506341489
3398.0	0.05068614389
3402.0	0.05073745492
3405.0	0.05078880976
3409.0	0.05084035726
3412.0	0.05089176645
3416.0	0.05094305477
3420.0	0.05099288737
3423.0	0.05104456206
3427.0	0.05109572058
3430.0	0.05114614781
3434.0	0.05119939801
3437.0	0.05125187234
3441.0	0.05130419227
3444.0	0.05135491001
3448.0	0.05140560566
3452.0	0.05145550434
3455.0	0.05150827098
3459.0	0.05156042231
3462.0	0.05161182525
3466.0	0.05166297906
3469.0	0.05171580182
3473.0	0.05176960847
3477.0	0.05182207776
3480.0	0.05187442822
3484.0	0.05192546029
3487.0	0.05197809206
3491.0	0.05202920104
3495.0	0.05208127618
3498.0	0.05213155508
3502.0	0.0521843694
3505.0	0.05223598837
3509.0	0.05228835755
3513.0	0.05234024611
3516.0	0.05239297326
3520.0	0.05244737691
3524.0	0.05250076604
3527.0	0.05255483525
3531.0	0.05260639508
3535.0	0.05265787699
3538.0	0.05271124097
3542.0	0.05276432051
3546.0	0.05281741778
3549.0	0.05287240911
3553.0	0.0529255498
3557.0	0.05297869774
3560.0	0.05303187527
3564.0	0.0530843494
3568.0	0.05313585615
3571.0	0.05318880042
3575.0	0.05324326887
3579.0	0.0532944383
3582.0	0.05334902417
3586.0	0.05340357684
3590.0	0.05345612407
3593.0	0.05350976235
3597.0	0.05356492412
3601.0	0.0536196265
3605.0	0.05367292732
