t,gamma,sigma
0.000000000000000000e+00,1.257302210933932936e-03,-3.778354566182406393e-01
3.906250000000000000e-03,3.425486442994938457e-02,2.044431853408334110e+00
7.812500000000000000e-03,7.748147200015509384e-02,3.923067076652479557e+00
1.171875000000000000e-02,1.074787507947282950e-01,5.498673745029257987e+00
1.562500000000000000e-02,1.362031481861188664e-01,5.897702965164031141e+00
1.953125000000000000e-02,1.800108812285592663e-01,9.323745035684762428e+00
2.343750000000000000e-02,2.239037389212054363e-01,1.036806774858365543e+01
2.734375000000000000e-02,2.543674272260612601e-01,1.163666917379378773e+01
3.125000000000000000e-02,2.713885046109986710e-01,1.422293332797891630e+01
3.515625000000000000e-02,2.987317640335032665e-01,1.585072364738512007e+01
3.906250000000000000e-02,3.374812785049430830e-01,1.666416430537516646e+01
4.296875000000000000e-02,3.757630797110908527e-01,2.000370883529720345e+01
4.687500000000000000e-02,3.829859375124844978e-01,1.970699898825581897e+01
5.078125000000000000e-02,4.341315457323036142e-01,2.094947176638922670e+01
5.468750000000000000e-02,4.530900354197301971e-01,2.270037153146388320e+01
5.859375000000000000e-02,4.865560081672808401e-01,2.540433400716079859e+01
6.250000000000000000e-02,5.158227724132096181e-01,2.597533974923737787e+01
6.640625000000000000e-02,5.445075395302537702e-01,2.719749871077316783e+01
7.031250000000000000e-02,5.771760867732049771e-01,2.862191020990652035e+01
7.421875000000000000e-02,6.078281097073745531e-01,2.957184184668923521e+01
7.812500000000000000e-02,6.193890991973868276e-01,3.068859058467782219e+01
8.203125000000000000e-02,6.565176497397114952e-01,3.182204300480801251e+01
8.593750000000000000e-02,6.572701158891314233e-01,3.355008089293358609e+01
8.984375000000000000e-02,6.873846507778338388e-01,3.470370544668100621e+01
9.375000000000000000e-02,7.117227268966048737e-01,3.460685497301295044e+01
9.765625000000000000e-02,7.213147242647699464e-01,3.613834405022725349e+01
1.015625000000000000e-01,7.294959217763483661e-01,3.724064933411886358e+01
1.054687500000000000e-01,7.431458001735722352e-01,3.707727672205476210e+01
1.093750000000000000e-01,7.621042155592252509e-01,3.808279039478634331e+01
1.132812500000000000e-01,7.821028289759333063e-01,3.847601180590624637e+01
1.171875000000000000e-01,7.819439027337277137e-01,3.895648995694713790e+01
1.210937500000000000e-01,8.010301159643223867e-01,4.020702502004697720e+01
1.250000000000000000e-01,8.115805482653848379e-01,4.029057373256141261e+01
1.289062500000000000e-01,8.276314652413915285e-01,4.142671501429894931e+01
1.328125000000000000e-01,8.324526122538875583e-01,4.150059009013355649e+01
1.367187500000000000e-01,8.410122165799482907e-01,4.207923815207994522e+01
1.406250000000000000e-01,8.371816777924532271e-01,4.203985673802189638e+01
1.445312500000000000e-01,8.478364883904270233e-01,4.213913254507322392e+01
1.484375000000000000e-01,8.615807641900911085e-01,4.264171390692050068e+01
1.523437500000000000e-01,8.725260382250260571e-01,4.287708827350262908e+01
1.562500000000000000e-01,8.481425052839233203e-01,4.268373028298991301e+01
1.601562500000000000e-01,8.783544042769800830e-01,4.337405605403454700e+01
1.640625000000000000e-01,8.785475153872078780e-01,4.362773548545747815e+01
1.679687500000000000e-01,8.742189208372788123e-01,4.339933169417918890e+01
1.718750000000000000e-01,8.698632496022139504e-01,4.421768010919682013e+01
1.757812500000000000e-01,8.644407897361059412e-01,4.306283138924815290e+01
1.796875000000000000e-01,8.821224729733232461e-01,4.363741151599823809e+01
1.835937500000000000e-01,8.867600778081967672e-01,4.315350733192032351e+01
1.875000000000000000e-01,8.844933663551844960e-01,4.344116563466379688e+01
1.914062500000000000e-01,8.787021370338915505e-01,4.286258029953634718e+01
1.953125000000000000e-01,8.680024576606271136e-01,4.377899436638426067e+01
1.992187500000000000e-01,8.510737655575382199e-01,4.324585804689662183e+01
2.031250000000000000e-01,8.617368017764612809e-01,4.368518940516968740e+01
2.070312500000000000e-01,8.669097334356431483e-01,4.238420141583210921e+01
2.109375000000000000e-01,8.460049697538045699e-01,4.269767161496461938e+01
2.148437500000000000e-01,8.614013864963577793e-01,4.242622539458784559e+01
2.187500000000000000e-01,8.603634755060709516e-01,4.253727099524667921e+01
2.226562500000000000e-01,8.617250209622631107e-01,4.239192483753880936e+01
2.265625000000000000e-01,8.417369363286926198e-01,4.261863533266958370e+01
2.304687500000000000e-01,8.459135890531087609e-01,4.261790716681103675e+01
2.343750000000000000e-01,8.472793238409332961e-01,4.256169138326998791e+01
2.382812500000000000e-01,8.392371180951823106e-01,4.226899492188962881e+01
2.421875000000000000e-01,8.678126584817567046e-01,4.261466157446709957e+01
2.460937500000000000e-01,8.451461429099792477e-01,4.294307025748548767e+01
2.500000000000000000e-01,8.532896962946020514e-01,4.204886221700553506e+01
2.539062500000000000e-01,8.475195247396615228e-01,4.250570682222100061e+01
2.578125000000000000e-01,8.662537084984764935e-01,4.248391354093482164e+01
2.617187500000000000e-01,8.641387470437292828e-01,4.278093417575742308e+01
2.656250000000000000e-01,8.579772025406147140e-01,4.255025452323139490e+01
2.695312500000000000e-01,8.304955159670326381e-01,4.261869833687745768e+01
2.734375000000000000e-01,8.540984057388634199e-01,4.218335790869916480e+01
2.773437500000000000e-01,8.616014556303998040e-01,4.274908160566154436e+01
2.812500000000000000e-01,8.661044543162703668e-01,4.234229968324287796e+01
2.851562500000000000e-01,8.512710954474617120e-01,4.313036041880892668e+01
2.890625000000000000e-01,8.771086980245833553e-01,4.289281975242175093e+01
2.929687500000000000e-01,8.471406743847468279e-01,4.303717841305132197e+01
2.968750000000000000e-01,8.551660628895099148e-01,4.264347197183796112e+01
3.007812500000000000e-01,8.725074517615001302e-01,4.355972638398883845e+01
3.046875000000000000e-01,8.649191996922906966e-01,4.356758963216796587e+01
3.085937500000000000e-01,8.855750252230003561e-01,4.370831693385229499e+01
3.125000000000000000e-01,8.683622095816478925e-01,4.443754392328274605e+01
3.164062500000000000e-01,8.608255537417747183e-01,4.333161504103831163e+01
3.203125000000000000e-01,8.637666310856257912e-01,4.397881472480159459e+01
3.242187500000000000e-01,8.566685567052781947e-01,4.331708699086154724e+01
3.281250000000000000e-01,8.544418916350549065e-01,4.355797831286619726e+01
3.320312500000000000e-01,8.727099217379569174e-01,4.350295905532018992e+01
3.359375000000000000e-01,8.709004192735128047e-01,4.338673393914847054e+01
3.398437500000000000e-01,8.761607547240006788e-01,4.348988641573966163e+01
3.437500000000000000e-01,8.531871026923653067e-01,4.288468984007860740e+01
3.476562500000000000e-01,8.744828012972551967e-01,4.290005247943166466e+01
3.515625000000000000e-01,8.508671324113912249e-01,4.295470529814479477e+01
3.554687500000000000e-01,8.648767075158007023e-01,4.333055818638698753e+01
3.593750000000000000e-01,8.393921054148107963e-01,4.176481985984062817e+01
3.632812500000000000e-01,8.301036565661265021e-01,4.096985816428600913e+01
3.671875000000000000e-01,8.328038747444106438e-01,4.127325830586735123e+01
3.710937500000000000e-01,8.325375402432281247e-01,4.115611468621706592e+01
3.750000000000000000e-01,8.147828941316831441e-01,4.074612846482833106e+01
3.789062500000000000e-01,7.972665834718063449e-01,4.020220247854535245e+01
3.828125000000000000e-01,7.786278874283486529e-01,4.019339928979515975e+01
3.867187500000000000e-01,7.658856755920585568e-01,3.948306878345358228e+01
3.906250000000000000e-01,7.717083023146473764e-01,3.830943973831929128e+01
3.945312500000000000e-01,7.622601842690145402e-01,3.738337913543173130e+01
3.984375000000000000e-01,7.352879683436336355e-01,3.667354127280307807e+01
4.023437500000000000e-01,7.096309527048770827e-01,3.584057798786677296e+01
4.062500000000000000e-01,7.114184466063037116e-01,3.502160151709026081e+01
4.101562500000000000e-01,6.710656106297578916e-01,3.340715222307368037e+01
4.140625000000000000e-01,6.567913816734048948e-01,3.296558275937857019e+01
4.179687500000000000e-01,6.490631935696157262e-01,3.193021074106275492e+01
4.218750000000000000e-01,5.981730340910814681e-01,3.093928209849238797e+01
4.257812500000000000e-01,6.012666719886110567e-01,2.974299879443733730e+01
4.296875000000000000e-01,5.672433730453686485e-01,2.898899264128695208e+01
4.335937500000000000e-01,5.487633380687235718e-01,2.711755537671577443e+01
4.375000000000000000e-01,5.205083469795745987e-01,2.584397926137370405e+01
4.414062500000000000e-01,4.958998256647553227e-01,2.496490346304980434e+01
4.453125000000000000e-01,4.724908642593312891e-01,2.315979982124094505e+01
4.492187500000000000e-01,4.287357648626448636e-01,2.192420048200428440e+01
4.531250000000000000e-01,4.204460654819922039e-01,2.064648011212170431e+01
4.570312500000000000e-01,3.826107578070961357e-01,1.897847574326995357e+01
4.609375000000000000e-01,3.521513497533494963e-01,1.731078238050799811e+01
4.648437500000000000e-01,3.230346185550744820e-01,1.547107815836029943e+01
4.687500000000000000e-01,2.863017391861276684e-01,1.426223990000005060e+01
4.726562500000000000e-01,2.533374044005546888e-01,1.233260585037093904e+01
4.765625000000000000e-01,2.116196745773330501e-01,1.029076054796433581e+01
4.804687500000000000e-01,1.621271921695672524e-01,8.744341940473724151e+00
4.843750000000000000e-01,1.402093909173602049e-01,6.468927407225251613e+00
4.882812500000000000e-01,9.873460322143121082e-02,4.840709494086456566e+00
4.921875000000000000e-01,5.684982781056807655e-02,2.612408256396843598e+00
4.960937500000000000e-01,3.816044097199246948e-02,1.438829962339673640e+00
5.000000000000000000e-01,-5.685494541476247658e-03,6.677727108154507540e-01
5.039062500000000000e-01,-4.587395744297687039e-02,-2.057040073139738023e+00
5.078125000000000000e-01,-8.150725629643751358e-02,-3.160091866234742586e+00
5.117187500000000000e-01,-1.037455788261087836e-01,-5.323212408271297491e+00
5.156250000000000000e-01,-1.379731224260265510e-01,-7.428266507432266685e+00
5.195312500000000000e-01,-1.631703559817958837e-01,-8.150606776409256682e+00
5.234375000000000000e-01,-2.110028851551448148e-01,-1.025208399920862234e+01
5.273437500000000000e-01,-2.344782200026401531e-01,-1.312073116237847437e+01
5.312500000000000000e-01,-2.644032087013434285e-01,-1.340059174936008723e+01
5.351562500000000000e-01,-2.998843223824668724e-01,-1.610669468480981692e+01
5.390625000000000000e-01,-3.673670621930861802e-01,-1.727465812980713977e+01
5.429687500000000000e-01,-3.630629827255840159e-01,-1.843343428503896320e+01
5.468750000000000000e-01,-4.028400451763862189e-01,-2.046173884324322145e+01
5.507812500000000000e-01,-4.320817488430951925e-01,-2.125650109077282934e+01
5.546875000000000000e-01,-4.618368707148982621e-01,-2.289682536435646298e+01
5.585937500000000000e-01,-4.900511101116077906e-01,-2.548237189095925714e+01
5.625000000000000000e-01,-5.180712200392588729e-01,-2.629948519030602228e+01
5.664062500000000000e-01,-5.512596741793313049e-01,-2.724249018808657041e+01
5.703125000000000000e-01,-5.920761343932233745e-01,-2.894048841110569370e+01
5.742187500000000000e-01,-5.984921232920220602e-01,-2.997828705373795799e+01
5.781250000000000000e-01,-6.287117643120339050e-01,-3.063382983564688189e+01
5.820312500000000000e-01,-6.320513809088357249e-01,-3.198426009836899908e+01
5.859375000000000000e-01,-6.668097276839511922e-01,-3.365641264877729810e+01
5.898437500000000000e-01,-6.830347965158333201e-01,-3.410617431916835329e+01
5.937500000000000000e-01,-7.111840846361879853e-01,-3.544053607155925789e+01
5.976562500000000000e-01,-7.254808259661426062e-01,-3.662632624397245706e+01
6.015625000000000000e-01,-7.370462448867521887e-01,-3.741157363849534789e+01
6.054687500000000000e-01,-7.672168057787918105e-01,-3.747467492825735746e+01
6.093750000000000000e-01,-7.636746226729524967e-01,-3.834813054379171149e+01
6.132812500000000000e-01,-7.809616002757101549e-01,-3.899232798278242029e+01
6.171875000000000000e-01,-8.038972826191675969e-01,-4.017510875239197077e+01
6.210937500000000000e-01,-8.271042003670172615e-01,-4.024805836064576425e+01
6.250000000000000000e-01,-8.080422770257266185e-01,-4.117722372210103288e+01
6.289062500000000000e-01,-8.251988497839667369e-01,-4.157434738650999151e+01
6.328125000000000000e-01,-8.356061051610055301e-01,-4.159786442983641308e+01
6.367187500000000000e-01,-8.398200357880785116e-01,-4.256461970013769758e+01
6.406250000000000000e-01,-8.255552044778249332e-01,-4.185136456114825876e+01
6.445312500000000000e-01,-8.496306344179508363e-01,-4.121318981073126508e+01
6.484375000000000000e-01,-8.528748168595927659e-01,-4.245763884992853576e+01
6.523437500000000000e-01,-8.724624554695725731e-01,-4.340103790813868301e+01
6.562500000000000000e-01,-8.442597699414033929e-01,-4.317225078732396071e+01
6.601562500000000000e-01,-8.540402866951466443e-01,-4.393847729827059823e+01
6.640625000000000000e-01,-8.544194124793329514e-01,-4.344324624811535074e+01
6.679687500000000000e-01,-8.659290795181576739e-01,-4.306663337372903300e+01
6.718750000000000000e-01,-8.580521454106749824e-01,-4.306624228185316383e+01
6.757812500000000000e-01,-8.638705495305258886e-01,-4.389487227100271838e+01
6.796875000000000000e-01,-8.614103753593636004e-01,-4.322754048015437434e+01
6.835937500000000000e-01,-8.686794242277797728e-01,-4.277967071968211599e+01
6.875000000000000000e-01,-8.812158971369427052e-01,-4.244630509027660281e+01
6.914062500000000000e-01,-8.552625559085162976e-01,-4.362795241067676955e+01
6.953125000000000000e-01,-8.837782499201347619e-01,-4.365353268374152407e+01
6.992187500000000000e-01,-8.655563185929402437e-01,-4.313063965945779898e+01
7.031250000000000000e-01,-8.638265679916586892e-01,-4.455311224166729289e+01
7.070312500000000000e-01,-8.707735854947248333e-01,-4.328276620481943127e+01
7.109375000000000000e-01,-8.527573530279343172e-01,-4.307991670422106978e+01
7.148437500000000000e-01,-8.594534629086332256e-01,-4.310217928849581881e+01
7.187500000000000000e-01,-8.604335218138213781e-01,-4.359517854197368791e+01
7.226562500000000000e-01,-8.495661764128579208e-01,-4.286100523999654399e+01
7.265625000000000000e-01,-8.583439064018485443e-01,-4.306721010984106357e+01
7.304687500000000000e-01,-8.386408150251161153e-01,-4.224778920944589800e+01
7.343750000000000000e-01,-8.481291255504924687e-01,-4.304142122432966033e+01
7.382812500000000000e-01,-8.556784670412553861e-01,-4.268792942352617104e+01
7.421875000000000000e-01,-8.698616294703107599e-01,-4.263742294808196931e+01
7.460937500000000000e-01,-8.631827821634122655e-01,-4.222147679905778261e+01
7.500000000000000000e-01,-8.391316921523163108e-01,-4.377295230018303585e+01
7.539062500000000000e-01,-8.506112908255141214e-01,-4.267557497761804086e+01
7.578125000000000000e-01,-8.532502303672505617e-01,-4.214114141088592191e+01
7.617187500000000000e-01,-8.345026210304838932e-01,-4.272760097725883099e+01
7.656250000000000000e-01,-8.644701687531045620e-01,-4.334565229881224724e+01
7.695312500000000000e-01,-8.583871927719127770e-01,-4.246323165238298003e+01
7.734375000000000000e-01,-8.583039927638492772e-01,-4.251056234669146505e+01
7.773437500000000000e-01,-8.489012209073214521e-01,-4.287347438211038764e+01
7.812500000000000000e-01,-8.627001905408889781e-01,-4.338313978153829709e+01
7.851562500000000000e-01,-8.635843443806778819e-01,-4.324284586749041637e+01
7.890625000000000000e-01,-8.749400783601510856e-01,-4.310130747403321294e+01
7.929687500000000000e-01,-8.530514900447012661e-01,-4.345501563212312846e+01
7.968750000000000000e-01,-8.537199495225118451e-01,-4.404915632955957960e+01
8.007812500000000000e-01,-8.679207193543715393e-01,-4.354249099348357532e+01
8.046875000000000000e-01,-8.627952540986245644e-01,-4.325230464493776594e+01
8.085937500000000000e-01,-8.784775606141415061e-01,-4.353108500297318528e+01
8.125000000000000000e-01,-8.711951492039320399e-01,-4.336163730239535141e+01
8.164062500000000000e-01,-8.533779851164716712e-01,-4.331604574270338048e+01
8.203125000000000000e-01,-8.661849587972825226e-01,-4.292882555671553035e+01
8.242187500000000000e-01,-8.444763830135111338e-01,-4.227708883234772230e+01
8.281250000000000000e-01,-8.750906207204924847e-01,-4.299504524488283863e+01
8.320312500000000000e-01,-8.606029626630313789e-01,-4.402245461478813837e+01
8.359375000000000000e-01,-8.670438194277158006e-01,-4.458291053112039748e+01
8.398437500000000000e-01,-8.575569880613086449e-01,-4.320798941081413602e+01
8.437500000000000000e-01,-8.608052742015520620e-01,-4.300096381261924705e+01
8.476562500000000000e-01,-8.632037078769101424e-01,-4.346052299155821430e+01
8.515625000000000000e-01,-8.624171771326952785e-01,-4.255103440587287622e+01
8.554687500000000000e-01,-8.184722573368657939e-01,-4.284010103030212946e+01
8.593750000000000000e-01,-8.444934144838783796e-01,-4.198466332794099287e+01
8.632812500000000000e-01,-8.576250963918813364e-01,-4.203568356096335634e+01
8.671875000000000000e-01,-8.367920271078573835e-01,-4.131656975607887716e+01
8.710937500000000000e-01,-8.154426121232934976e-01,-4.198274806677939353e+01
8.750000000000000000e-01,-8.181728826963773349e-01,-4.087787335577613845e+01
8.789062500000000000e-01,-7.895174096881873993e-01,-4.023039158888826705e+01
8.828125000000000000e-01,-7.820161018406756037e-01,-4.031444159100572477e+01
8.867187500000000000e-01,-7.814242640994754074e-01,-3.805387475794829300e+01
8.906250000000000000e-01,-7.714036332436595700e-01,-3.860446039684271824e+01
8.945312500000000000e-01,-7.624110640064339917e-01,-3.692316683230365726e+01
8.984375000000000000e-01,-7.439305796930195669e-01,-3.717871675905433904e+01
9.023437500000000000e-01,-7.351060320338174137e-01,-3.613371564209856501e+01
9.062500000000000000e-01,-6.906440621647558231e-01,-3.454245029814931911e+01
9.101562500000000000e-01,-6.679625422056431061e-01,-3.404156408133128764e+01
9.140625000000000000e-01,-6.764834433212750797e-01,-3.310007595605495823e+01
9.179687500000000000e-01,-6.546698447910794805e-01,-3.200967902762263861e+01
9.218750000000000000e-01,-6.383595643976966993e-01,-3.171680122946181157e+01
9.257812500000000000e-01,-6.070415183202699794e-01,-3.006492553746647545e+01
9.296875000000000000e-01,-6.041231494222971676e-01,-2.913121189741405814e+01
9.335937500000000000e-01,-5.590933306602651198e-01,-2.728482022854014133e+01
9.375000000000000000e-01,-5.082962082437781914e-01,-2.633526717729092326e+01
9.414062500000000000e-01,-4.973354070089599510e-01,-2.471596364646564226e+01
9.453125000000000000e-01,-4.570033025437266749e-01,-2.331610352624350568e+01
9.492187500000000000e-01,-4.412091530100496484e-01,-2.183415831103396698e+01
9.531250000000000000e-01,-3.886295722889419046e-01,-2.032918582389942230e+01
9.570312500000000000e-01,-3.733576400874801249e-01,-1.909368004907273431e+01
9.609375000000000000e-01,-3.475340460517517549e-01,-1.771270255429411478e+01
9.648437500000000000e-01,-2.858617384902533143e-01,-1.590147709187501768e+01
9.687500000000000000e-01,-2.816705755319237059e-01,-1.338552367813164068e+01
9.726562500000000000e-01,-2.571088510920309655e-01,-1.205774997650605407e+01
9.765625000000000000e-01,-2.088446384503037379e-01,-1.024970924319923427e+01
9.804687500000000000e-01,-1.767832810650450948e-01,-8.129762575821040116e+00
9.843750000000000000e-01,-1.308965963860672654e-01,-7.667707562473073502e+00
9.882812500000000000e-01,-1.156460888681758586e-01,-5.066511270418976309e+00
9.921875000000000000e-01,-6.303007618092767994e-02,-4.091399327387505558e+00
9.960937500000000000e-01,-2.704842835711985388e-02,-1.945961952576582110e+00
1.000000000000000000e+00,-6.676872919351060053e-03,2.421199213853100496e-01
1.003906250000000000e+00,3.720835312008883428e-02,2.585968286711314956e+00
1.007812500000000000e+00,6.276972592717856847e-02,3.162779803548503299e+00
1.011718750000000000e+00,1.298878303616037289e-01,5.274089354362930138e+00
1.015625000000000000e+00,1.345184462949274573e-01,7.656110497863915398e+00
1.019531250000000000e+00,1.718641862427764677e-01,8.074842474290495176e+00
1.023437500000000000e+00,2.002053582502703877e-01,1.072424338084848650e+01
1.027343750000000000e+00,2.414354048430371602e-01,1.209069180453950132e+01
1.031250000000000000e+00,2.783670967020996367e-01,1.348044536271840599e+01
1.035156250000000000e+00,3.190638700974103292e-01,1.564261434873497691e+01
1.039062500000000000e+00,3.376091566696592938e-01,1.748316408743922779e+01
1.042968750000000000e+00,3.734920803309021986e-01,1.831144111471779823e+01
1.046875000000000000e+00,3.920713515947320538e-01,2.050180715386699148e+01
1.050781250000000000e+00,4.280454401039671120e-01,2.190265811339148172e+01
1.054687500000000000e+00,4.931072204750197030e-01,2.265655059161165497e+01
1.058593750000000000e+00,5.042911136312626663e-01,2.547064051918579608e+01
1.062500000000000000e+00,5.134511218250097375e-01,2.660821944699921815e+01
1.066406250000000000e+00,5.342965686786624868e-01,2.695356368075271192e+01
1.070312500000000000e+00,5.633039531034671477e-01,2.835967362910776046e+01
1.074218750000000000e+00,5.971860674178104400e-01,3.025553891752117153e+01
1.078125000000000000e+00,6.210217237104189714e-01,3.078599776764991702e+01
1.082031250000000000e+00,6.354094090249058358e-01,3.122279144909940740e+01
1.085937500000000000e+00,6.510563179566208891e-01,3.372054418740023607e+01
1.089843750000000000e+00,6.980933351293877598e-01,3.419786821532805021e+01
1.093750000000000000e+00,7.072048795930373499e-01,3.608791434948678045e+01
1.097656250000000000e+00,7.166289210914813523e-01,3.619746362594252531e+01
1.101562500000000000e+00,7.347243021917251316e-01,3.694204195818580416e+01
1.105468750000000000e+00,7.470677493448998341e-01,3.905540293750489411e+01
1.109375000000000000e+00,7.373210193557276915e-01,3.824814001781922457e+01
1.113281250000000000e+00,7.810574960121591248e-01,3.851913600462319920e+01
1.117187500000000000e+00,7.813346404721573935e-01,3.971660321824037254e+01
1.121093750000000000e+00,7.930950287227115370e-01,4.072397103716252076e+01
1.125000000000000000e+00,8.067701743106259205e-01,4.007607984613326835e+01
1.128906250000000000e+00,8.295460265416462198e-01,4.065701791507393636e+01
1.132812500000000000e+00,8.186007129447469000e-01,4.174018960062940664e+01
1.136718750000000000e+00,8.231156748928075695e-01,4.027425177863563022e+01
1.140625000000000000e+00,8.501184846383598170e-01,4.163965886534064964e+01
1.144531250000000000e+00,8.566763137737499756e-01,4.285437327758876336e+01
1.148437500000000000e+00,8.441516724115359915e-01,4.239368051639736024e+01
1.152343750000000000e+00,8.632157035457481697e-01,4.206634477229540181e+01
1.156250000000000000e+00,8.578168363008169539e-01,4.399944135946287815e+01
1.160156250000000000e+00,8.662280882951249872e-01,4.245549074784283050e+01
1.164062500000000000e+00,8.524791583487295599e-01,4.299275528398928969e+01
1.167968750000000000e+00,8.747347513238830086e-01,4.313392459186838579e+01
1.171875000000000000e+00,8.792512828400858016e-01,4.340250686193489571e+01
1.175781250000000000e+00,8.739507502377318326e-01,4.319424829312152525e+01
1.179687500000000000e+00,8.731256657549049116e-01,4.333663076761412469e+01
1.183593750000000000e+00,8.294347430824691170e-01,4.338662202172277915e+01
1.187500000000000000e+00,8.690833151471928364e-01,4.328051266844295952e+01
1.191406250000000000e+00,8.652966462196227670e-01,4.332419188967403301e+01
1.195312500000000000e+00,8.629581984855743126e-01,4.203196983379370266e+01
1.199218750000000000e+00,8.568511719806497506e-01,4.337837994290177335e+01
1.203125000000000000e+00,8.623349928567974887e-01,4.238683880639258206e+01
1.207031250000000000e+00,8.644661581361633429e-01,4.193392644862947094e+01
1.210937500000000000e+00,8.562507027858939912e-01,4.363510317281060935e+01
1.214843750000000000e+00,8.528169244974389551e-01,4.222975065512733295e+01
1.218750000000000000e+00,8.683623766672413646e-01,4.289317648086953483e+01
1.222656250000000000e+00,8.437109226499431847e-01,4.235194894259928589e+01
1.226562500000000000e+00,8.638796679745031071e-01,4.233967269187799332e+01
1.230468750000000000e+00,8.542987394108044752e-01,4.286835812296603621e+01
1.234375000000000000e+00,8.436006198595413785e-01,4.205807133602252890e+01
1.238281250000000000e+00,8.480353182122178923e-01,4.273309399635304118e+01
1.242187500000000000e+00,8.412190436823333561e-01,4.271129522364427089e+01
1.246093750000000000e+00,8.568558953784951582e-01,4.308748646668811233e+01
1.250000000000000000e+00,8.534790176197046829e-01,4.233189338975147109e+01
1.253906250000000000e+00,8.445372884428687943e-01,4.302855363640213682e+01
1.257812500000000000e+00,8.393967967199129632e-01,4.338129633889379022e+01
1.261718750000000000e+00,8.539522981079216146e-01,4.334009799835578036e+01
1.265625000000000000e+00,8.612175323807849114e-01,4.287522229401398022e+01
1.269531250000000000e+00,8.513922512796804343e-01,4.285111377463945814e+01
1.273437500000000000e+00,8.577616410051567275e-01,4.410363328017619722e+01
1.277343750000000000e+00,8.510043222171369548e-01,4.385431766553049471e+01
1.281250000000000000e+00,8.567405306179430857e-01,4.241993328583804868e+01
1.285156250000000000e+00,8.545373367806007314e-01,4.333431281286602399e+01
1.289062500000000000e+00,8.618290058210502647e-01,4.324540883559680537e+01
1.292968750000000000e+00,8.452472589545227954e-01,4.305338293499316649e+01
1.296875000000000000e+00,8.682232483395585509e-01,4.316572330444415684e+01
1.300781250000000000e+00,8.608576270643266692e-01,4.340174015024914667e+01
1.304687500000000000e+00,8.680147342305311042e-01,4.369011191636666069e+01
1.308593750000000000e+00,8.621479981118861380e-01,4.338693990015323010e+01
1.312500000000000000e+00,8.696806295502643724e-01,4.349374774010604483e+01
1.316406250000000000e+00,8.564318666024077764e-01,4.405394488925616514e+01
1.320312500000000000e+00,8.794338102628380671e-01,4.353597342861136354e+01
1.324218750000000000e+00,8.505445720050974767e-01,4.365151213493005855e+01
1.328125000000000000e+00,8.568263051511291195e-01,4.385604971323576962e+01
1.332031250000000000e+00,8.687624675256714335e-01,4.413692154954296143e+01
1.335937500000000000e+00,8.797171840012307786e-01,4.386795852206945057e+01
1.339843750000000000e+00,8.659964295476693108e-01,4.334936580289289054e+01
1.343750000000000000e+00,8.582540760521736312e-01,4.314056575723625997e+01
1.347656250000000000e+00,8.433408253403854582e-01,4.226778454971520205e+01
1.351562500000000000e+00,8.518282428451771082e-01,4.283308174652569988e+01
1.355468750000000000e+00,8.489338546169338251e-01,4.193804635639482115e+01
1.359375000000000000e+00,8.606256503400308011e-01,4.167397847357396756e+01
1.363281250000000000e+00,8.436797417056067783e-01,4.219817893821196719e+01
1.367187500000000000e+00,8.150150922795400543e-01,4.146501245965335158e+01
1.371093750000000000e+00,8.424908003469654405e-01,4.134725521774135615e+01
1.375000000000000000e+00,8.092226996095426284e-01,4.034515835953752827e+01
1.378906250000000000e+00,7.943272745659968326e-01,4.075669558939007686e+01
1.382812500000000000e+00,8.067883110899837229e-01,3.967389031848384917e+01
1.386718750000000000e+00,7.794033201382634113e-01,3.958890805057846762e+01
1.390625000000000000e+00,7.630074478221176015e-01,3.867079393588584679e+01
1.394531250000000000e+00,7.545509138255093173e-01,3.770077721610717703e+01
1.398437500000000000e+00,7.453798020736436269e-01,3.660728200793896292e+01
1.402343750000000000e+00,7.303079633316584829e-01,3.603448385318253600e+01
1.406250000000000000e+00,6.889360010795593237e-01,3.554840649674764563e+01
1.410156250000000000e+00,7.038543647796219327e-01,3.454230637092221201e+01
1.414062500000000000e+00,6.733906785039541765e-01,3.259831080494802080e+01
1.417968750000000000e+00,6.390610044140827561e-01,3.265549177808368597e+01
1.421875000000000000e+00,6.124878473116133204e-01,3.092676832060382353e+01
1.425781250000000000e+00,5.877128517053654688e-01,3.027778066114931832e+01
1.429687500000000000e+00,5.742935657852260567e-01,2.830424493976792988e+01
1.433593750000000000e+00,5.411903781520490675e-01,2.770245469852555331e+01
1.437500000000000000e+00,5.136166225889183812e-01,2.566497217067607650e+01
1.441406250000000000e+00,5.019912257637317854e-01,2.475861250154539306e+01
1.445312500000000000e+00,4.691948183305248987e-01,2.312844234125326182e+01
1.449218750000000000e+00,4.323737497873922919e-01,2.167318683515176403e+01
1.453125000000000000e+00,4.135787212207278629e-01,2.002851864114825275e+01
1.457031250000000000e+00,3.890236061806755519e-01,1.869070144775568565e+01
1.460937500000000000e+00,3.327690600040197899e-01,1.631538381143206706e+01
1.464843750000000000e+00,3.053530599025417458e-01,1.600759878389892066e+01
1.468750000000000000e+00,2.878520753712673907e-01,1.440213614199762482e+01
1.472656250000000000e+00,2.520860232529202882e-01,1.202344394331499622e+01
1.476562500000000000e+00,2.131307270342840121e-01,9.853309610541238328e+00
1.480468750000000000e+00,1.880191425550499229e-01,8.496391899063128861e+00
1.484375000000000000e+00,1.306777246265390102e-01,7.551799260735437613e+00
1.488281250000000000e+00,9.163837128548776856e-02,5.634247867850827873e+00
1.492187500000000000e+00,6.241217192295385463e-02,3.403685494326754490e+00
1.496093750000000000e+00,3.680135401822423602e-02,2.227433043213483455e+00
1.500000000000000000e+00,-7.960867750950506583e-03,-5.207403781662330866e-01
1.503906250000000000e+00,-4.044809462710968750e-02,-2.085113818688634435e+00
1.507812500000000000e+00,-8.082724668672477963e-02,-3.316558651444343475e+00
1.511718750000000000e+00,-1.126340410691467897e-01,-5.369444146012117614e+00
1.515625000000000000e+00,-1.516077141076588863e-01,-7.372604945464049209e+00
1.519531250000000000e+00,-1.727202686220082051e-01,-1.007581039922891719e+01
1.523437500000000000e+00,-2.029148277900708897e-01,-1.020757875618914667e+01
1.527343750000000000e+00,-2.497010769899508653e-01,-1.208296997303978060e+01
1.531250000000000000e+00,-2.804985149237744224e-01,-1.479275401272909107e+01
1.535156250000000000e+00,-3.171963044690824796e-01,-1.526913609414390471e+01
1.539062500000000000e+00,-3.384015109739533234e-01,-1.719288303589505418e+01
1.542968750000000000e+00,-3.744592595302256854e-01,-1.862807360719373762e+01
1.546875000000000000e+00,-3.902946762554911353e-01,-1.983921565965566103e+01
1.550781250000000000e+00,-4.472741827380037893e-01,-2.218591652105608603e+01
1.554687500000000000e+00,-4.619241199003503717e-01,-2.292067513749347540e+01
1.558593750000000000e+00,-4.894387677178478890e-01,-2.435200700972400512e+01
1.562500000000000000e+00,-5.248697639516917146e-01,-2.568251024245904901e+01
1.566406250000000000e+00,-5.418351998201169639e-01,-2.656554916554413381e+01
1.570312500000000000e+00,-5.874450078993679325e-01,-2.832362164909583058e+01
1.574218750000000000e+00,-5.762149457056536805e-01,-3.015092765581693968e+01
1.578125000000000000e+00,-6.340948903596913544e-01,-3.013453008127207511e+01
1.582031250000000000e+00,-6.336549424285636833e-01,-3.269630702451306803e+01
1.585937500000000000e+00,-6.751332894133894591e-01,-3.342746492837886763e+01
1.589843750000000000e+00,-6.723607197645864453e-01,-3.467571235934740059e+01
1.593750000000000000e+00,-7.065357653461763476e-01,-3.518578165377524414e+01
1.597656250000000000e+00,-7.187903722155393194e-01,-3.547762042275289929e+01
1.601562500000000000e+00,-7.363974767128185217e-01,-3.619765273507400138e+01
1.605468750000000000e+00,-7.413557129859086325e-01,-3.738639398890587273e+01
1.609375000000000000e+00,-7.698969483173272454e-01,-3.863876922258552327e+01
1.613281250000000000e+00,-8.095727148410721830e-01,-3.927185418613689905e+01
1.617187500000000000e+00,-7.996406724697585622e-01,-3.990360229678449144e+01
1.621093750000000000e+00,-8.012847484821502553e-01,-3.967967324449014654e+01
1.625000000000000000e+00,-8.175774804132328599e-01,-4.111190958103166793e+01
1.628906250000000000e+00,-8.145248008813251728e-01,-4.067888733202056528e+01
1.632812500000000000e+00,-8.201527510690798106e-01,-4.153159808725335012e+01
1.636718750000000000e+00,-8.389362075885468117e-01,-4.178689893825146839e+01
1.640625000000000000e+00,-8.586164178304617201e-01,-4.143013900238149461e+01
1.644531250000000000e+00,-8.352909736272956520e-01,-4.269429824339639623e+01
1.648437500000000000e+00,-8.429104744884099443e-01,-4.185618617640020744e+01
1.652343750000000000e+00,-8.605836381154883252e-01,-4.358431266832774043e+01
1.656250000000000000e+00,-8.396502764910368510e-01,-4.344903987721647098e+01
1.660156250000000000e+00,-8.667039211305155311e-01,-4.394995402803026252e+01
1.664062500000000000e+00,-8.764599583535688243e-01,-4.362782899949419146e+01
1.667968750000000000e+00,-8.679645411677852085e-01,-4.302884929290789273e+01
1.671875000000000000e+00,-8.564403561438632684e-01,-4.299207013246423514e+01
1.675781250000000000e+00,-8.769545523068955628e-01,-4.322561324233652869e+01
1.679687500000000000e+00,-8.480300153605190294e-01,-4.324356732606500486e+01
1.683593750000000000e+00,-8.761227567894175339e-01,-4.394453822053858261e+01
1.687500000000000000e+00,-8.569327948927109029e-01,-4.398726679928930139e+01
1.691406250000000000e+00,-8.601064756445162551e-01,-4.312560996558390514e+01
1.695312500000000000e+00,-8.659692241498656573e-01,-4.254752918904887338e+01
1.699218750000000000e+00,-8.523516220931823817e-01,-4.333991497420035444e+01
1.703125000000000000e+00,-8.767793309963435311e-01,-4.372334696367823881e+01
1.707031250000000000e+00,-8.467692662155477112e-01,-4.378388944311889475e+01
1.710937500000000000e+00,-8.595254246810025700e-01,-4.328475507687197421e+01
1.714843750000000000e+00,-8.628745183931725293e-01,-4.208273638364233449e+01
1.718750000000000000e+00,-8.485730980774482957e-01,-4.290711169665866009e+01
1.722656250000000000e+00,-8.441656035866422769e-01,-4.325720137315995828e+01
1.726562500000000000e+00,-8.458801616900285536e-01,-4.298364122189545355e+01
1.730468750000000000e+00,-8.325355765630493288e-01,-4.286830322432653162e+01
1.734375000000000000e+00,-8.408364155518647243e-01,-4.244937710800743247e+01
1.738281250000000000e+00,-8.381000708487067463e-01,-4.287676508543329845e+01
1.742187500000000000e+00,-8.558176190822204266e-01,-4.296591877285835182e+01
1.746093750000000000e+00,-8.490400124237803547e-01,-4.259927100199152505e+01
1.750000000000000000e+00,-8.443701741767447588e-01,-4.226566483770189109e+01
1.753906250000000000e+00,-8.502826725614336389e-01,-4.214674062575561209e+01
1.757812500000000000e+00,-8.474026273787229613e-01,-4.224568297738916556e+01
1.761718750000000000e+00,-8.466740895115650867e-01,-4.277550532348085710e+01
1.765625000000000000e+00,-8.432012371355500635e-01,-4.342972232463166193e+01
1.769531250000000000e+00,-8.535467036811992259e-01,-4.302578881011344691e+01
1.773437500000000000e+00,-8.570761081501832024e-01,-4.253686510317519520e+01
1.777343750000000000e+00,-8.630477502247998478e-01,-4.340504732888667405e+01
1.781250000000000000e+00,-8.649821618192714556e-01,-4.267693231640102880e+01
1.785156250000000000e+00,-8.457256536210743247e-01,-4.316749626931554928e+01
1.789062500000000000e+00,-8.597337992713249832e-01,-4.323551119631656547e+01
1.792968750000000000e+00,-8.524755402739744303e-01,-4.245749570023290431e+01
1.796875000000000000e+00,-8.747549815710895516e-01,-4.297970084044381878e+01
1.800781250000000000e+00,-8.825386329587521228e-01,-4.247271950760477921e+01
1.804687500000000000e+00,-8.749195658640365192e-01,-4.369105917168320019e+01
1.808593750000000000e+00,-8.540848297114526089e-01,-4.271218437326196238e+01
1.812500000000000000e+00,-8.557962432581981416e-01,-4.286931067770508008e+01
1.816406250000000000e+00,-8.638371085651760373e-01,-4.485537612211720671e+01
1.820312500000000000e+00,-8.755639676395531312e-01,-4.342124866278244610e+01
1.824218750000000000e+00,-8.688880442971289586e-01,-4.260788868961171971e+01
1.828125000000000000e+00,-8.701962980969102368e-01,-4.297190597436204484e+01
1.832031250000000000e+00,-8.698555402912282464e-01,-4.354095091979773002e+01
1.835937500000000000e+00,-8.901494595225413198e-01,-4.337083325280516277e+01
1.839843750000000000e+00,-8.717944303892113389e-01,-4.381228271709806421e+01
1.843750000000000000e+00,-8.626342493617874529e-01,-4.293351178521814404e+01
1.847656250000000000e+00,-8.424274488746977818e-01,-4.377617237925365856e+01
1.851562500000000000e+00,-8.521335788981603265e-01,-4.319470384646696459e+01
1.855468750000000000e+00,-8.351237418647261546e-01,-4.189704905613496777e+01
1.859375000000000000e+00,-8.476570329742314502e-01,-4.219628071626950572e+01
1.863281250000000000e+00,-8.399853753020269931e-01,-4.205463749891732306e+01
1.867187500000000000e+00,-8.693002383293680913e-01,-4.156825661296695529e+01
1.871093750000000000e+00,-8.175897060024632790e-01,-3.974020346348306987e+01
1.875000000000000000e+00,-8.077018417511371284e-01,-4.014104592284743234e+01
1.878906250000000000e+00,-7.854842810174461620e-01,-4.054391427294980588e+01
1.882812500000000000e+00,-7.969076966770433090e-01,-3.876862935321057080e+01
1.886718750000000000e+00,-7.789593361792630510e-01,-3.903944135601595633e+01
1.890625000000000000e+00,-7.737367533631097638e-01,-3.796421522411446148e+01
1.894531250000000000e+00,-7.641256245853598195e-01,-3.791146792319116798e+01
1.898437500000000000e+00,-7.440619939372559166e-01,-3.731547370765331806e+01
1.902343750000000000e+00,-7.238245865280197311e-01,-3.561777373373021049e+01
1.906250000000000000e+00,-6.891336447933887888e-01,-3.551884462868758163e+01
1.910156250000000000e+00,-6.838474340511709881e-01,-3.458413656159431326e+01
1.914062500000000000e+00,-6.718275107206765906e-01,-3.274718598162029082e+01
1.917968750000000000e+00,-6.414342367517970045e-01,-3.272368526655802157e+01
1.921875000000000000e+00,-6.184987322712273139e-01,-3.174334829221525212e+01
1.925781250000000000e+00,-6.041652965726971303e-01,-2.959762160247237972e+01
1.929687500000000000e+00,-5.616274451431683135e-01,-2.963292988281961726e+01
1.933593750000000000e+00,-5.665540300037117394e-01,-2.775938988303124333e+01
1.937500000000000000e+00,-5.234008085226137252e-01,-2.624609116808945686e+01
1.941406250000000000e+00,-4.872280210580233750e-01,-2.536658758068431396e+01
1.945312500000000000e+00,-4.789334700870306882e-01,-2.383615250531580898e+01
1.949218750000000000e+00,-4.327069248851957428e-01,-2.148303665436399967e+01
1.953125000000000000e+00,-3.933073147569361994e-01,-2.016558572988267883e+01
1.957031250000000000e+00,-3.708131072750493473e-01,-1.924034673003112417e+01
1.960937500000000000e+00,-3.606156225600856136e-01,-1.692095837349827292e+01
1.964843750000000000e+00,-3.186679290183169200e-01,-1.480965971669288983e+01
1.968750000000000000e+00,-2.661028229440257076e-01,-1.456250175342038666e+01
1.972656250000000000e+00,-2.419132651441164850e-01,-1.221420298231743828e+01
1.976562500000000000e+00,-2.109623278548035663e-01,-9.554861249728825001e+00
1.980468750000000000e+00,-1.719829247323111099e-01,-8.514166589449091660e+00
1.984375000000000000e+00,-1.343493524176719300e-01,-6.671299533836189788e+00
1.988281250000000000e+00,-1.135144019891794476e-01,-5.421563816410052361e+00
1.992187500000000000e+00,-7.398124629645255745e-02,-3.952844152854958715e+00
1.996093750000000000e+00,-3.414677656619580920e-02,-1.207109805704519534e+00
2.000000000000000000e+00,-5.439577217873966392e-03,3.268624720809802375e-01
2.003906250000000000e+00,3.424139747749004731e-02,1.753034060525527904e+00
2.007812500000000000e+00,8.405596310754151479e-02,3.321194412374413929e+00
2.011718750000000000e+00,9.675155097627753664e-02,4.447624866950348199e+00
2.015625000000000000e+00,1.608264690090807081e-01,7.155945210445968208e+00
2.019531250000000000e+00,1.951883744532844911e-01,8.473890151691357175e+00
2.023437500000000000e+00,1.937293440902593256e-01,1.047725978930459867e+01
2.027343750000000000e+00,2.434863909436378870e-01,1.258031857186511360e+01
2.031250000000000000e+00,2.818527726655238319e-01,1.433129420130515541e+01
2.035156250000000000e+00,3.037772678688988592e-01,1.592879942172111463e+01
2.039062500000000000e+00,3.363032180934678594e-01,1.831323332261839099e+01
2.042968750000000000e+00,3.729756629502722909e-01,1.935005026047096166e+01
2.046875000000000000e+00,4.136280261299885574e-01,1.993877317505729962e+01
2.050781250000000000e+00,4.312061239821574077e-01,2.140682215680772771e+01
2.054687500000000000e+00,4.838160830084621278e-01,2.444153260690753626e+01
2.058593750000000000e+00,4.967784217377000378e-01,2.436227100656927647e+01
2.062500000000000000e+00,5.202396094009495986e-01,2.604120044082256058e+01
2.066406250000000000e+00,5.621631379452587396e-01,2.825595659857539133e+01
2.070312500000000000e+00,5.793225933600668620e-01,2.951064700772096572e+01
2.074218750000000000e+00,6.010958437698223911e-01,2.984283278606599765e+01
2.078125000000000000e+00,6.173630419991315010e-01,3.115469383211077670e+01
2.082031250000000000e+00,6.609928711731409834e-01,3.132509610067033279e+01
2.085937500000000000e+00,6.720402785213970276e-01,3.274192878093881376e+01
2.089843750000000000e+00,6.818354367174567221e-01,3.401084793879035573e+01
2.093750000000000000e+00,6.869160335732591438e-01,3.513157116925997769e+01
2.097656250000000000e+00,7.241041167047804761e-01,3.585706982632952133e+01
2.101562500000000000e+00,7.254935133488698007e-01,3.692269270428214867e+01
2.105468750000000000e+00,7.352035944185729699e-01,3.871450345375551905e+01
2.109375000000000000e+00,7.638899587612206776e-01,3.856624412124443069e+01
2.113281250000000000e+00,7.827155887671392032e-01,3.914939748093903660e+01
2.117187500000000000e+00,8.048648969059460923e-01,3.960291740640143132e+01
2.121093750000000000e+00,8.059463899658920738e-01,4.007013978315209357e+01
2.125000000000000000e+00,8.212329936362376959e-01,4.127511221833137967e+01
2.128906250000000000e+00,8.099641823423017195e-01,4.061551975436891837e+01
2.132812500000000000e+00,8.300806992541487350e-01,4.145251128890819103e+01
2.136718750000000000e+00,8.387006026825937210e-01,4.132503585893523024e+01
2.140625000000000000e+00,8.523424257328356957e-01,4.222956304529352423e+01
2.144531250000000000e+00,8.502932314616642451e-01,4.251615639748452224e+01
2.148437500000000000e+00,8.617817990706763132e-01,4.314730372853041018e+01
2.152343750000000000e+00,8.525497342950472124e-01,4.347841714904917154e+01
2.156250000000000000e+00,8.643127096670965015e-01,4.336819019689832544e+01
2.160156250000000000e+00,8.673638305421335071e-01,4.397188797002464611e+01
2.164062500000000000e+00,8.525910039035183852e-01,4.404868969145564961e+01
2.167968750000000000e+00,8.681611931159515239e-01,4.347796968554131780e+01
2.171875000000000000e+00,8.640150680294067520e-01,4.354760809625871332e+01
2.175781250000000000e+00,8.485391383953100330e-01,4.241086004822262367e+01
2.179687500000000000e+00,8.771263329393674812e-01,4.353723490926145701e+01
2.183593750000000000e+00,8.635389078406539021e-01,4.335532895524592334e+01
2.187500000000000000e+00,8.579531170752642266e-01,4.247960327688439719e+01
2.191406250000000000e+00,8.617779319496096102e-01,4.306186195340648482e+01
2.195312500000000000e+00,8.658106565855200332e-01,4.370014466108788298e+01
2.199218750000000000e+00,8.782360467238317092e-01,4.253846043085959394e+01
2.203125000000000000e+00,8.601220110776000016e-01,4.373554273772545997e+01
2.207031250000000000e+00,8.650690590544651837e-01,4.325464886361299222e+01
2.210937500000000000e+00,8.726243781602780469e-01,4.283023517444325279e+01
2.214843750000000000e+00,8.627856712072755618e-01,4.280134465113751929e+01
2.218750000000000000e+00,8.667504801320367047e-01,4.321820548001721107e+01
2.222656250000000000e+00,8.499994951331248938e-01,4.202253254637640367e+01
2.226562500000000000e+00,8.612886092610043676e-01,4.369928676976169868e+01
2.230468750000000000e+00,8.519508547728020798e-01,4.221982097390771571e+01
2.234375000000000000e+00,8.623877886872572951e-01,4.219954219464472800e+01
2.238281250000000000e+00,8.408995414529893964e-01,4.315714095724018051e+01
2.242187500000000000e+00,8.426234021780278916e-01,4.291597515302862575e+01
2.246093750000000000e+00,8.627925659214544796e-01,4.316795835754493993e+01
2.250000000000000000e+00,8.480391602743062585e-01,4.302299053693224096e+01
2.253906250000000000e+00,8.465156437273559931e-01,4.269346047411909240e+01
2.257812500000000000e+00,8.511947039039575724e-01,4.188275691221121377e+01
2.261718750000000000e+00,8.440401625993823043e-01,4.231033690362620803e+01
2.265625000000000000e+00,8.649630899976712417e-01,4.268140349792913923e+01
2.269531250000000000e+00,8.400389882567400601e-01,4.261793945344479084e+01
2.273437500000000000e+00,8.520721360126606303e-01,4.165251438947191787e+01
2.277343750000000000e+00,8.582341215796582823e-01,4.326043236580922269e+01
2.281250000000000000e+00,8.550203678671833840e-01,4.366881315887818005e+01
2.285156250000000000e+00,8.494272904408584068e-01,4.360455589407284549e+01
2.289062500000000000e+00,8.502046924237748327e-01,4.243549940632656359e+01
2.292968750000000000e+00,8.645989283430878247e-01,4.323523259411325625e+01
2.296875000000000000e+00,8.514765386059945929e-01,4.202581811309062232e+01
2.300781250000000000e+00,8.696193789375101790e-01,4.400285666500951010e+01
2.304687500000000000e+00,8.491871699175843613e-01,4.225149422281245393e+01
2.308593750000000000e+00,8.600012684193811818e-01,4.348280935095100830e+01
2.312500000000000000e+00,8.668400778802207718e-01,4.390514072713772009e+01
2.316406250000000000e+00,8.546359752092512752e-01,4.400353559765023448e+01
2.320312500000000000e+00,8.740623747732200188e-01,4.354909856425415882e+01
2.324218750000000000e+00,8.673946297483758894e-01,4.266617586952017405e+01
2.328125000000000000e+00,8.568579564830249851e-01,4.331034676842387654e+01
2.332031250000000000e+00,8.512169245327707578e-01,4.318613110442125702e+01
2.335937500000000000e+00,8.494328674356580455e-01,4.343861763699269574e+01
2.339843750000000000e+00,8.637255059808922608e-01,4.365463131848731848e+01
2.343750000000000000e+00,8.491648595342992101e-01,4.336767847140237109e+01
2.347656250000000000e+00,8.439429307654937595e-01,4.394039461747568254e+01
2.351562500000000000e+00,8.514287501345563225e-01,4.301757590203502701e+01
2.355468750000000000e+00,8.719076299758851123e-01,4.226222248221479560e+01
2.359375000000000000e+00,8.464953674989718069e-01,4.300098797041195553e+01
2.363281250000000000e+00,8.450876778245555165e-01,4.171566044200513801e+01
2.367187500000000000e+00,8.324332044915114803e-01,4.165623280691844599e+01
2.371093750000000000e+00,8.300528310556190004e-01,4.120153943290846144e+01
2.375000000000000000e+00,7.997419118598807497e-01,3.951202423907139405e+01
2.378906250000000000e+00,7.988167520111139064e-01,4.029450356236412745e+01
2.382812500000000000e+00,7.946535930252152102e-01,3.974672420520603566e+01
2.386718750000000000e+00,7.797217095806835419e-01,3.889019135957547491e+01
2.390625000000000000e+00,7.647615416147776068e-01,3.826343020316533483e+01
2.394531250000000000e+00,7.457042931387277696e-01,3.697595095004692922e+01
2.398437500000000000e+00,7.343470832428444783e-01,3.688777736791332984e+01
2.402343750000000000e+00,7.126326230482488144e-01,3.677019280755904163e+01
2.406250000000000000e+00,6.784696949314892311e-01,3.504576646999885980e+01
2.410156250000000000e+00,6.719244656598489795e-01,3.393241462810245679e+01
2.414062500000000000e+00,6.686785920127423788e-01,3.289223868379484372e+01
2.417968750000000000e+00,6.584237945909306999e-01,3.315119470580438588e+01
2.421875000000000000e+00,6.388102475400647684e-01,3.035610054690285864e+01
2.425781250000000000e+00,5.983704934498348393e-01,3.029262368431581720e+01
2.429687500000000000e+00,5.819936176439058917e-01,2.870869497304656903e+01
2.433593750000000000e+00,5.567503202010527508e-01,2.834397526642576892e+01
2.437500000000000000e+00,5.143427704031030556e-01,2.671890082253120724e+01
2.441406250000000000e+00,4.768992834097096623e-01,2.464977507273477997e+01
2.445312500000000000e+00,4.658580180858100661e-01,2.250672292582500589e+01
2.449218750000000000e+00,4.186974523992239572e-01,2.253079304021742146e+01
2.453125000000000000e+00,4.030369491293258055e-01,2.104083409676588445e+01
2.457031250000000000e+00,3.814309907855131798e-01,1.821503999862174794e+01
2.460937500000000000e+00,3.295133282493169502e-01,1.755831790511841461e+01
2.464843750000000000e+00,3.117089325832813618e-01,1.516891566276855308e+01
2.468750000000000000e+00,2.908260381221596247e-01,1.353319769527114325e+01
2.472656250000000000e+00,2.485117423349797461e-01,1.144017417002048376e+01
2.476562500000000000e+00,2.160869554774012546e-01,1.100963953724487965e+01
2.480468750000000000e+00,1.854623348176331343e-01,8.955310747022938500e+00
2.484375000000000000e+00,1.588894726390421563e-01,7.325241961240679167e+00
2.488281250000000000e+00,1.079439804404310199e-01,6.047724949523336058e+00
2.492187500000000000e+00,8.337225411005390330e-02,3.888174593082875052e+00
2.496093750000000000e+00,3.493422089948941545e-02,2.071077031561252113e+00
2.500000000000000000e+00,-5.461688154333421176e-03,3.746369395334023800e-01
2.503906250000000000e+00,-3.242770336668623216e-02,-2.311081575245781838e+00
2.507812500000000000e+00,-7.713537397563760556e-02,-3.571094842093891053e+00
2.511718750000000000e+00,-1.121610417808630578e-01,-5.924618258482995614e+00
2.515625000000000000e+00,-1.476372482221510740e-01,-7.527948651190510709e+00
2.519531250000000000e+00,-1.993491726347956239e-01,-8.865654784720204518e+00
2.523437500000000000e+00,-2.098087436932967731e-01,-1.001224311440779324e+01
2.527343750000000000e+00,-2.575349711807230491e-01,-1.121572387278894034e+01
2.531250000000000000e+00,-2.794985481757500945e-01,-1.446388942989962878e+01
2.535156250000000000e+00,-2.968862909391151161e-01,-1.548263372901892865e+01
2.539062500000000000e+00,-3.489240263613882509e-01,-1.722115637461883964e+01
2.542968750000000000e+00,-3.807699115020927172e-01,-1.850387318466945175e+01
2.546875000000000000e+00,-3.925971514138529850e-01,-2.002060732178906477e+01
2.550781250000000000e+00,-4.308564047169866074e-01,-2.163476253643351654e+01
2.554687500000000000e+00,-4.557838739187341504e-01,-2.376104551583676638e+01
2.558593750000000000e+00,-4.974315940541842451e-01,-2.449659637423929937e+01
2.562500000000000000e+00,-5.137845301130715692e-01,-2.561710475555015876e+01
2.566406250000000000e+00,-5.545322269855138542e-01,-2.764022247092054485e+01
2.570312500000000000e+00,-5.798197986656823399e-01,-2.766390660867789819e+01
2.574218750000000000e+00,-5.914405332308959595e-01,-2.998760539162078587e+01
2.578125000000000000e+00,-6.266581775395524412e-01,-3.135065239023855455e+01
2.582031250000000000e+00,-6.351818296017753829e-01,-3.199446123250677942e+01
2.585937500000000000e+00,-6.400052172697040520e-01,-3.332489787326964858e+01
2.589843750000000000e+00,-7.007310754463752511e-01,-3.487706391089786706e+01
2.593750000000000000e+00,-7.102100688413001128e-01,-3.514747964726586815e+01
2.597656250000000000e+00,-7.091731394687346146e-01,-3.522087884390886359e+01
2.601562500000000000e+00,-7.383816959648181744e-01,-3.584527955477437899e+01
2.605468750000000000e+00,-7.407521554382292539e-01,-3.790167342705311171e+01
2.609375000000000000e+00,-7.767821165472283962e-01,-3.788143638897405907e+01
2.613281250000000000e+00,-7.765874359631529389e-01,-3.892877915963509139e+01
2.617187500000000000e+00,-7.935456477473427084e-01,-3.946006091362956170e+01
2.621093750000000000e+00,-8.017181644843045518e-01,-3.952240797904502756e+01
2.625000000000000000e+00,-8.098616381739760506e-01,-4.023260415408196167e+01
2.628906250000000000e+00,-8.344230730210924207e-01,-4.103399026184590070e+01
2.632812500000000000e+00,-8.410473958824165042e-01,-4.197967319428396138e+01
2.636718750000000000e+00,-8.234660494205959802e-01,-4.243491489526044091e+01
2.640625000000000000e+00,-8.407878267708275288e-01,-4.221800724955550521e+01
2.644531250000000000e+00,-8.480691613978282861e-01,-4.229482457263428330e+01
2.648437500000000000e+00,-8.541817567156125834e-01,-4.243546452834431193e+01
2.652343750000000000e+00,-8.540263017857578909e-01,-4.248860166195311905e+01
2.656250000000000000e+00,-8.722925279990189074e-01,-4.254686546584917295e+01
2.660156250000000000e+00,-8.732054398485428193e-01,-4.436229667485672934e+01
2.664062500000000000e+00,-8.520436786773192273e-01,-4.280271789095436219e+01
2.667968750000000000e+00,-8.648930546118031026e-01,-4.384401422980399587e+01
2.671875000000000000e+00,-8.587156845623801216e-01,-4.280390037756753685e+01
2.675781250000000000e+00,-8.736366579506827934e-01,-4.321067873010235871e+01
2.679687500000000000e+00,-8.537750123343617048e-01,-4.306183339800421805e+01
2.683593750000000000e+00,-8.637047105905022448e-01,-4.362833760628690527e+01
2.687500000000000000e+00,-8.616645594640224282e-01,-4.318252522214314837e+01
2.691406250000000000e+00,-8.600638060093896975e-01,-4.421116125902252492e+01
2.695312500000000000e+00,-8.723987459477592354e-01,-4.267380936934961255e+01
2.699218750000000000e+00,-8.818141605143604567e-01,-4.332326696333840488e+01
2.703125000000000000e+00,-8.725293697785128089e-01,-4.438360730279823230e+01
2.707031250000000000e+00,-8.440397555110155103e-01,-4.248650742741434527e+01
2.710937500000000000e+00,-8.458817446880952939e-01,-4.210604235623881664e+01
2.714843750000000000e+00,-8.609193795743169675e-01,-4.331057305292886639e+01
2.718750000000000000e+00,-8.590816018282102506e-01,-4.219688698499606261e+01
2.722656250000000000e+00,-8.443985349502763915e-01,-4.311310741168794181e+01
2.726562500000000000e+00,-8.552622147238004846e-01,-4.381216611477958622e+01
2.730468750000000000e+00,-8.655232134748069850e-01,-4.280547697581462074e+01
2.734375000000000000e+00,-8.389882453864038192e-01,-4.241911558962180351e+01
2.738281250000000000e+00,-8.461633513937717455e-01,-4.247998129395664790e+01
2.742187500000000000e+00,-8.755823768604907853e-01,-4.246915001077544360e+01
2.746093750000000000e+00,-8.532371512496994548e-01,-4.235705108083887183e+01
2.750000000000000000e+00,-8.485632979671565712e-01,-4.239172216818855787e+01
2.753906250000000000e+00,-8.452927819238128526e-01,-4.261328166144897267e+01
2.757812500000000000e+00,-8.488974678173389909e-01,-4.282163967209941546e+01
2.761718750000000000e+00,-8.572925551453470794e-01,-4.267965728241889423e+01
2.765625000000000000e+00,-8.528012667526650992e-01,-4.275802009869727982e+01
2.769531250000000000e+00,-8.495826115940630086e-01,-4.277799205039240604e+01
2.773437500000000000e+00,-8.562581568524045839e-01,-4.323038251545595045e+01
2.777343750000000000e+00,-8.584836009196967765e-01,-4.300952687839031796e+01
2.781250000000000000e+00,-8.435439991712001540e-01,-4.276212883349985816e+01
2.785156250000000000e+00,-8.669162427472301147e-01,-4.271779883950868140e+01
2.789062500000000000e+00,-8.623832191023994564e-01,-4.297644369332435588e+01
2.792968750000000000e+00,-8.806576742153704451e-01,-4.310907916136164886e+01
2.796875000000000000e+00,-8.563716434731479810e-01,-4.282184221859702689e+01
2.800781250000000000e+00,-8.548743072818913991e-01,-4.275061326371048409e+01
2.804687500000000000e+00,-8.589437852280715768e-01,-4.288139273835162868e+01
2.808593750000000000e+00,-8.563743745119346551e-01,-4.415250951204179586e+01
2.812500000000000000e+00,-8.620699502088872146e-01,-4.355155342845332456e+01
2.816406250000000000e+00,-8.637323407341627179e-01,-4.300504743866717661e+01
2.820312500000000000e+00,-8.628027954680740352e-01,-4.311941464505916599e+01
2.824218750000000000e+00,-8.702531022010022710e-01,-4.303909559342110924e+01
2.828125000000000000e+00,-8.553354146729568175e-01,-4.320375891093632958e+01
2.832031250000000000e+00,-8.698915274804167597e-01,-4.374705874266947347e+01
2.835937500000000000e+00,-8.797122804009360753e-01,-4.264315579129880263e+01
2.839843750000000000e+00,-8.547173303934049171e-01,-4.384055276358610342e+01
2.843750000000000000e+00,-8.422261328054502227e-01,-4.254377913403638445e+01
2.847656250000000000e+00,-8.671932379657261158e-01,-4.288777390426128733e+01
2.851562500000000000e+00,-8.547573207854054500e-01,-4.342337758661717118e+01
2.855468750000000000e+00,-8.559870448345345828e-01,-4.265471063664453055e+01
2.859375000000000000e+00,-8.475257963879121448e-01,-4.158412232107330908e+01
2.863281250000000000e+00,-8.369975597717536075e-01,-4.216712530939275894e+01
2.867187500000000000e+00,-8.427241055566352390e-01,-4.212060224984833923e+01
2.871093750000000000e+00,-8.249995461072064940e-01,-4.125554561160608102e+01
2.875000000000000000e+00,-8.278324722283545434e-01,-4.106767739749731305e+01
2.878906250000000000e+00,-8.088041480924536009e-01,-4.078139357526624309e+01
2.882812500000000000e+00,-8.039007811089800004e-01,-3.938323535234226824e+01
2.886718750000000000e+00,-7.904914847358350816e-01,-3.859595773326277879e+01
2.890625000000000000e+00,-7.838805806224822259e-01,-3.860993939939056929e+01
2.894531250000000000e+00,-7.401695080488293055e-01,-3.735634123498534365e+01
2.898437500000000000e+00,-7.318403234224909459e-01,-3.704005922095408465e+01
2.902343750000000000e+00,-7.395492417217270908e-01,-3.606858712893652097e+01
2.906250000000000000e+00,-7.086563010205673141e-01,-3.507270004850814615e+01
2.910156250000000000e+00,-6.905739360759342027e-01,-3.344683573314916458e+01
2.914062500000000000e+00,-6.708315039056840234e-01,-3.294232369861389031e+01
2.917968750000000000e+00,-6.573218501597809516e-01,-3.264220730598074738e+01
2.921875000000000000e+00,-6.131305886131417360e-01,-3.077580767346631418e+01
2.925781250000000000e+00,-6.013616138680277778e-01,-2.998074293576575400e+01
2.929687500000000000e+00,-5.683782923145693777e-01,-2.888616927492703468e+01
2.933593750000000000e+00,-5.424029834422827712e-01,-2.780340773345734817e+01
2.937500000000000000e+00,-5.075109091250736837e-01,-2.607639824336733625e+01
2.941406250000000000e+00,-5.120274044917475509e-01,-2.472400030335914778e+01
2.945312500000000000e+00,-4.481631237780128174e-01,-2.347854842688536081e+01
2.949218750000000000e+00,-4.236313096327192218e-01,-2.251154679063071029e+01
2.953125000000000000e+00,-4.005055853355178330e-01,-2.116539840947840645e+01
2.957031250000000000e+00,-3.515138976252781267e-01,-1.870349874987363847e+01
2.960937500000000000e+00,-3.416642371510461018e-01,-1.709659877978779363e+01
2.964843750000000000e+00,-3.031711895832608361e-01,-1.447773459352212910e+01
2.968750000000000000e+00,-2.858099967817482878e-01,-1.401062435313498433e+01
2.972656250000000000e+00,-2.335530435152514961e-01,-1.173411884015268214e+01
2.976562500000000000e+00,-2.091854787726817599e-01,-9.945585062335682736e+00
2.980468750000000000e+00,-1.809069321280250553e-01,-8.850279911668852861e+00
2.984375000000000000e+00,-1.203904499345722634e-01,-7.039591594167762700e+00
2.988281250000000000e+00,-1.094777462686081781e-01,-5.536409349798872448e+00
2.992187500000000000e+00,-7.098863221963996883e-02,-2.666282669394107074e+00
2.996093750000000000e+00,-3.754871263612387378e-02,-2.533011738770922783e+00
